"Product ID";Obraz;Nazwa;Indeks;Kategoria;"Cena (netto)";"Cena (brutto)";Ilość;Wyświetlany;Pozycja
605;http://localhost:8080/556/glosniki-komputerowe-trust-gxt619-thorne-24007.jpg;"Głośniki komputerowe Trust GXT619 Thorne (24007)";;"Głośniki komputerowe";137.398374;169;119;0
604;http://localhost:8080/555/glosniki-komputerowe-edifier-hecate-g1000.jpg;"Głośniki komputerowe Edifier HECATE G1000";;"Głośniki komputerowe";133.333333;170.15;0;1
603;http://localhost:8080/554/glosniki-komputerowe-mediarange-aktivbox-compact-desktop-speaker-mros352.jpg;"Głośniki komputerowe MediaRange Aktivbox Compact Desktop Speaker (MROS352)";;"Głośniki komputerowe";57.138211;70.28;10;0
602;http://localhost:8080/553/glosniki-komputerowe-havit-sk204-rgb.jpg;"Głośniki komputerowe Havit SK204 RGB";;"Głośniki komputerowe";56.902439;69.99;10;0
601;http://localhost:8080/552/glosniki-komputerowe-havit-sk212-rgb.jpg;"Głośniki komputerowe Havit SK212 RGB";;"Głośniki komputerowe";56.739837;69.79;10;0
600;http://localhost:8080/551/glosniki-komputerowe-edifier-r1080bt.jpg;"Głośniki komputerowe Edifier R1080BT";;"Głośniki komputerowe";267.471545;328.99;10;0
599;http://localhost:8080/550/glosniki-komputerowe-trust-arys-20179.jpg;"Głośniki komputerowe Trust Arys (20179)";;"Głośniki komputerowe";113.170732;139.2;10;0
598;http://localhost:8080/549/glosniki-komputerowe-trust-gxt-610-argus-illuminated-23737.jpg;"Głośniki komputerowe Trust GXT 610 Argus Illuminated (23737)";;"Głośniki komputerowe";82.471545;101.44;10;0
597;http://localhost:8080/548/glosniki-komputerowe-mozos-mini-s4-rgb.jpg;"Głośniki komputerowe Mozos MINI-S4 RGB";;"Głośniki komputerowe";68.154472;83.83;9;0
596;http://localhost:8080/547/glosniki-komputerowe-natec-cougar-ngl-1641.jpg;"Głośniki komputerowe Natec Cougar (NGL-1641)";;"Głośniki komputerowe";49.585366;60.99;10;0
595;http://localhost:8080/546/glosniki-komputerowe-defender-spk-33-65633.jpg;"Głośniki komputerowe Defender SPK-33 (65633)";;"Głośniki komputerowe";23.455285;28.85;10;0
594;http://localhost:8080/545/glosniki-komputerowe-edifier-r1280dbs-czarne.jpg;"Głośniki komputerowe Edifier R1280DBs czarne";;"Głośniki komputerowe";383.723577;471.98;10;0
593;http://localhost:8080/544/glosniki-komputerowe-mozos-mini-s2.jpg;"Głośniki komputerowe Mozos MINI-S2";;"Głośniki komputerowe";64.422764;79.24;10;0
592;http://localhost:8080/543/glosniki-komputerowe-edifier-mr4.jpg;"Głośniki komputerowe Edifier MR4";;"Głośniki komputerowe";478.861789;589;10;0
591;http://localhost:8080/542/glosniki-komputerowe-edifier-mr4.jpg;"Głośniki komputerowe Edifier MR4";;"Głośniki komputerowe";470.569106;578.8;10;0
590;http://localhost:8080/541/glosniki-komputerowe-edifier-r1700bt-brazowy.jpg;"Głośniki komputerowe Edifier R1700BT Brązowy";;"Głośniki komputerowe";373.170732;459;10;0
589;http://localhost:8080/540/glosniki-komputerowe-edifier-r2850db.jpg;"Głośniki komputerowe Edifier R2850DB";;"Głośniki komputerowe";909.756098;1119;10;0
588;http://localhost:8080/539/glosniki-komputerowe-edifier-r1280dbs.jpg;"Głośniki komputerowe Edifier R1280DBs";;"Głośniki komputerowe";330.821138;406.91;10;0
587;http://localhost:8080/538/glosniki-komputerowe-logitech-lightsync-g560-980-001301.jpg;"Głośniki komputerowe Logitech LightSync G560 (980-001301)";;"Głośniki komputerowe";730.894309;899;10;0
586;http://localhost:8080/537/glosniki-komputerowe-edifier-r1700bts.jpg;"Głośniki komputerowe Edifier R1700BTs";;"Głośniki komputerowe";430.081301;529;10;0
585;http://localhost:8080/536/glosniki-komputerowe-edifier-s360db.jpg;"Głośniki komputerowe Edifier S360DB";;"Głośniki komputerowe";1169.918699;1439;10;0
584;http://localhost:8080/535/glosniki-komputerowe-genesis-helium-300bt-ncs-1716.jpg;"Głośniki komputerowe Genesis Helium 300BT (NCS-1716)";;"Głośniki komputerowe";234.959350;289;10;0
583;http://localhost:8080/534/glosniki-komputerowe-trust-gemi-2-rgb-22948.jpg;"Głośniki komputerowe Trust Gemi 2 RGB (22948)";;"Głośniki komputerowe";54.634146;67.2;10;0
582;http://localhost:8080/533/glosniki-komputerowe-edifier-s880db.jpg;"Głośniki komputerowe Edifier S880DB";;"Głośniki komputerowe";768.292683;945;10;0
581;http://localhost:8080/532/glosniki-komputerowe-tracer-loop-traglo46366.jpg;"Głośniki komputerowe Tracer Loop (TRAGLO46366)";;"Głośniki komputerowe";61.764228;75.97;10;0
580;http://localhost:8080/531/glosniki-komputerowe-genius-sp-hf180-31730029400.jpg;"Głośniki komputerowe Genius SP-HF180 (31730029400)";;"Głośniki komputerowe";34.959350;43;10;0
579;http://localhost:8080/530/glosniki-komputerowe-logitech-z207-980-001295.jpg;"Głośniki komputerowe Logitech Z207 (980-001295)";;"Głośniki komputerowe";218.699187;269;10;0
578;http://localhost:8080/529/glosniki-komputerowe-creative-sbs-e2900-51mf0490aa001.jpg;"Głośniki komputerowe Creative SBS E2900 (51MF0490AA001)";;"Głośniki komputerowe";317.048780;389.97;10;0
577;http://localhost:8080/528/glosniki-komputerowe-logic-concept-ls-09-g-y-0ls09-bla-2.jpg;"Głośniki komputerowe Logic Concept LS-09 (G-Y-0LS09-BLA-2)";;"Głośniki komputerowe";36.577236;44.99;10;0
576;http://localhost:8080/527/glosniki-komputerowe-edifier-r2750db.jpg;"Głośniki komputerowe Edifier R2750DB";;"Głośniki komputerowe";633.333333;779;10;0
575;http://localhost:8080/526/glosniki-komputerowe-edifier-r1280db.jpg;"Głośniki komputerowe Edifier R1280DB";;"Głośniki komputerowe";348.780488;429;10;0
574;http://localhost:8080/525/glosniki-komputerowe-audiocore-ac870b.jpg;"Głośniki komputerowe Audiocore AC870B";;"Głośniki komputerowe";19.024390;23.4;10;0
573;http://localhost:8080/524/glosniki-komputerowe-edifier-r1010bt-czarny.jpg;"Głośniki komputerowe Edifier R1010BT Czarny";;"Głośniki komputerowe";243.536585;299.55;10;0
572;http://localhost:8080/523/glosniki-komputerowe-genesis-helium-200-ncs-1305.jpg;"Głośniki komputerowe Genesis Helium 200 (NCS-1305)";;"Głośniki komputerowe";113.739837;139.9;10;0
571;http://localhost:8080/522/glosniki-komputerowe-edifier-s350db.jpg;"Głośniki komputerowe Edifier S350DB";;"Głośniki komputerowe";852.845528;1049;10;0
570;http://localhost:8080/521/glosniki-komputerowe-natec-lynx-ngl-1230.jpg;"Głośniki komputerowe Natec Lynx (NGL-1230)";;"Głośniki komputerowe";42.268293;51.99;10;0
569;http://localhost:8080/520/glosniki-komputerowe-edifier-r1280db.jpg;"Głośniki komputerowe Edifier R1280DB";;"Głośniki komputerowe";365.040650;449;10;0
568;http://localhost:8080/519/glosniki-komputerowe-trust-gxt-606-javv-23379.jpg;"Głośniki komputerowe Trust GXT 606 JAVV (23379)";;"Głośniki komputerowe";80.487805;99;10;0
567;http://localhost:8080/518/glosniki-komputerowe-edifier-r1700bt-czarny.jpg;"Głośniki komputerowe Edifier R1700BT Czarny";;"Głośniki komputerowe";381.292683;468.99;10;0
566;http://localhost:8080/517/glosniki-komputerowe-natec-panther-ngl-1229.jpg;"Głośniki komputerowe Natec Panther (NGL-1229)";;"Głośniki komputerowe";27.634146;33.99;10;0
565;http://localhost:8080/516/glosniki-komputerowe-creative-pebble-v2-51mf1695aa000.jpg;"Głośniki komputerowe Creative Pebble V2 (51MF1695AA000)";;"Głośniki komputerowe";95.609756;117.6;10;0
564;http://localhost:8080/515/glosniki-komputerowe-logitech-z906-980-000468.jpg;"Głośniki komputerowe Logitech Z906 (980-000468)";;"Głośniki komputerowe";974.796748;1199;10;0
563;http://localhost:8080/514/glosniki-komputerowe-edifier-r1280t.jpg;"Głośniki komputerowe Edifier R1280T";;"Głośniki komputerowe";300.000000;369;10;0
562;http://localhost:8080/513/glosniki-komputerowe-edifier-c2xd.jpg;"Głośniki komputerowe Edifier C2XD";;"Głośniki komputerowe";380.487805;468;10;0
561;http://localhost:8080/512/laptop-lenovo-ideapad-5-15alc05-82ln00m7pb.jpg;"Laptop Lenovo IdeaPad 5 15ALC05 (82LN00M7PB)";;Laptopy;2275.609756;2799;10;0
560;http://localhost:8080/511/Laptop_MSI_Modern_15_A5M-261PL.jpg;"Laptop MSI Modern 15 A5M-261PL";;Laptopy;2224.227642;2735.8;10;0
559;http://localhost:8080/510/glosniki-komputerowe-logitech-z200-980-000810.jpg;"Głośniki komputerowe Logitech Z200 (980-000810)";;"Głośniki komputerowe";99.178862;121.99;10;0
558;http://localhost:8080/509/glosniki-komputerowe-creative-pebble-51mf1680aa000.jpg;"Głośniki komputerowe Creative Pebble (51MF1680AA000)";;"Głośniki komputerowe";73.162602;89.99;10;0
557;http://localhost:8080/508/glosniki-komputerowe-logitech-z533-980-001054.jpg;"Głośniki komputerowe Logitech Z533 (980-001054)";;"Głośniki komputerowe";296.780488;365.04;10;0
556;http://localhost:8080/507/glosniki-komputerowe-edifier-r1600tiii.jpg;"Głośniki komputerowe Edifier R1600TIII";;"Głośniki komputerowe";291.869919;359;10;0
555;http://localhost:8080/506/glosniki-komputerowe-edifier-m1360.jpg;"Głośniki komputerowe Edifier M1360";;"Głośniki komputerowe";113.813008;139.99;10;0
554;http://localhost:8080/505/glosniki-komputerowe-logitech-z333-980-001202.jpg;"Głośniki komputerowe Logitech Z333 (980-001202)";;"Głośniki komputerowe";202.439024;249;10;0
553;http://localhost:8080/504/glosniki-komputerowe-trust-gxt-620-axon-24482.jpg;"Głośniki komputerowe Trust GXT 620 Axon (24482)";;"Głośniki komputerowe";109.918699;135.2;10;0
552;http://localhost:8080/503/glosniki-komputerowe-genesis-helium-800bt.jpg;"Głośniki komputerowe Genesis Helium 800BT";;"Głośniki komputerowe";405.691057;499;10;0
551;http://localhost:8080/502/plastrol-rozgaleznik-wtyczkowy-4-gniazda-b-u-euro-r-4-w-97744.jpg;"Plastrol Rozgałęźnik wtyczkowy 4-gniazda b/u Euro R-4 (W-97744)";;Rozgałęźniki;6.869919;8.45;10;0
550;http://localhost:8080/501/brennenstuhl-adapter-euro-2-1508030.jpg;"Brennenstuhl Adapter Euro 2 (1508030)";;Rozgałęźniki;8.934959;10.99;10;0
549;http://localhost:8080/500/timex-rogaleznik-wtyczkowy-2xeuro-1x2p-bialy-r-1.jpg;"Timex Rogałęźnik wtyczkowy 2xEuro + 1x2P biały R-1";;Rozgałęźniki;7.154472;8.8;10;0
548;http://localhost:8080/499/timex-rozgaleznik-wtyczkowy-2x2p-1xeuro-bialy-r-20.jpg;"Timex Rozgałeźnik wtyczkowy 2x2P +1xEuro biały R-20";;Rozgałęźniki;8.121951;9.99;10;0
547;http://localhost:8080/498/opal-rozgaleznik-wtyczkowy-z-przeslonami-3x2p-bialy.jpg;"Opal Rozgałęźnik wtyczkowy z przesłonami 3x2P biały";;Rozgałęźniki;8.105691;9.97;10;0
546;http://localhost:8080/497/elcan-rozgaleznik-elektryczny-zlodziejka-potrojny-3x2p.jpg;"Elcan Rozgałęźnik elektryczny złodziejka potrójny 3x2P";;Rozgałęźniki;8.032520;9.88;10;0
545;http://localhost:8080/496/emos-rozgaleznik-wtyczkowy-3-gniazda-b-u-euro-bialy-dg-zd01-3p0013.jpg;"Emos Rozgałęźnik wtyczkowy 3-gniazda b/u Euro biały DG-ZD01/3(P0013)";;Rozgałęźniki;4.869919;5.99;10;0
544;http://localhost:8080/495/v-tac-rozgaleznik-2-wtyczki-plaskie-25a-v-tac-vt-1022.jpg;"V-TAC Rozgałęźnik 2 wtyczki płaskie 2.5A V-TAC VT-1022";;Rozgałęźniki;6.430894;7.91;10;0
543;http://localhost:8080/494/elgotech-rozgaleznik-wtyczkowy-3-gniazda-b-u-euro-r-3pc.jpg;"Elgotech Rozgałęźnik wtyczkowy 3-gniazda b/u EURO R-3PC";;Rozgałęźniki;6.178862;7.6;10;0
542;http://localhost:8080/493/opal-rozgaleznik-2x2pz-2p-ii-r-21.jpg;"Opal Rozgałęźnik 2x2P+Z + 2P/ II R-21";;Rozgałęźniki;6.089431;7.49;10;0
541;http://localhost:8080/492/vorel-rozgaleznik-2-gniazda-plaskie-72400.jpg;"Vorel Rozgałęźnik 2 gniazda płaskie 72400";;Rozgałęźniki;5.682927;6.99;10;0
540;http://localhost:8080/491/powercube-rozgaleznik-original-usb-niebieski-2202bl-froupc.jpg;"PowerCube Rozgałęźnik Original USB niebieski (2202BL/FROUPC)";;Rozgałęźniki;53.032520;65.23;10;0
539;http://localhost:8080/490/rum-lux-rozgaleznik-mieszkaniowy-z-uziemieniem-3-gniazda.jpg;"Rum-Lux Rozgałęźnik mieszkaniowy z uziemieniem 3 gniazda";;Rozgałęźniki;13.000000;15.99;10;0
538;http://localhost:8080/489/powercube-rozgaleznik-rewirable-usb-4-wtyczki-travel-plugs-szary.jpg;"PowerCube Rozgałęźnik ReWirable USB + 4 wtyczki Travel Plugs szary";;Rozgałęźniki;73.089431;89.9;10;0
537;http://localhost:8080/488/brennenstuhl-adapterstecker-1508070.jpg;"Brennenstuhl Adapterstecker (1508070)";;Rozgałęźniki;19.788618;24.34;10;0
536;http://localhost:8080/487/maclean-gniazdko-pradowe-x3-z-uziemieniem-mce214-mce214.jpg;"Maclean Gniazdko prądowe x3 z uziemieniem MCE214 -MCE214";;Rozgałęźniki;11.560976;14.22;10;0
535;http://localhost:8080/486/maclean-gniazdko-pradowe-x4-z-wylacznikiem-mce217-mce217.jpg;"Maclean Gniazdko prądowe x4 z wyłącznikiem MCE217 -MCE217";;Rozgałęźniki;12.113821;14.9;10;0
534;http://localhost:8080/485/ever-obrotowa-spin-2xusb-t-lz10-spi000-0000.jpg;"Ever obrotowa SPIN 2xUSB-T/LZ10-SPI000/0000";;Rozgałęźniki;50.398374;61.99;10;0
533;http://localhost:8080/484/timex-rozgaleznik-wtyczkowy-3x2p-okragly-z-podswietleniem-bialy-r-35-s.jpg;"Timex Rozgałeźnik wtyczkowy 3x2P okrągły z podświetleniem biały (R-35/S)";;Rozgałęźniki;16.536585;20.34;10;0
532;http://localhost:8080/483/emos-wtyczka-gniazdo-z-wylacznikiem-10-16a-250v-2pz-biale-p0027.jpg;"Emos Wtyczka-gniazdo z wyłącznikiem 10/16A 250V 2P+Z białe (P0027)";;Rozgałęźniki;11.593496;14.26;10;0
531;http://localhost:8080/482/elgotech-rozgaleznik-wtyczkowy-3-gniazda-z-u-r-30ca.jpg;"Elgotech Rozgałęźnik wtyczkowy 3-gniazda z/u R-30CA";;Rozgałęźniki;15.406504;18.95;10;0
530;http://localhost:8080/481/opal-rozgaleznik-okragly-4x2pz-z-uziemieniem-bialy.jpg;"Opal Rozgałęźnik okrągły 4x2P+Z z uziemieniem biały";;Rozgałęźniki;15.276423;18.79;10;0
529;http://localhost:8080/480/emos-rozgaleznik-wtyczkowy-3-gniazda-z-u-z-przeslonami-bialy-p0026.jpg;"Emos Rozgałęźnik wtyczkowy 3-gniazda z/u /z przesłonami/ biały (P0026)";;Rozgałęźniki;13.000000;15.99;10;0
528;http://localhost:8080/479/timex-rozgaleznik-wtyczkowy-5xeuro-bialy-r-5.jpg;"Timex Rozgałeźnik wtyczkowy 5xEuro biały R-5";;Rozgałęźniki;9.666667;11.89;10;0
527;http://localhost:8080/478/vorel-rozgaleznik-2-gniazda-z-uziemieniem-72404.jpg;"Vorel Rozgałęźnik 2 gniazda z uziemieniem (72404)";;Rozgałęźniki;9.495935;11.68;10;0
526;http://localhost:8080/477/maclean-gniazdko-pradowe-x3-plaskie-mce212-mce212.jpg;"Maclean Gniazdko prądowe x3 plaskie MCE212 -MCE212";;Rozgałęźniki;7.691057;9.46;10;0
525;http://localhost:8080/476/plastrol-rozgaleznik-wtyczkowy-2-gniazda-b-u-euro-r-2-w-97742.jpg;"Plastrol Rozgałęźnik wtyczkowy 2-gniazda b/u Euro R-2 (W-97742)";;Rozgałęźniki;5.650407;6.95;10;0
524;http://localhost:8080/475/timex-rozgaleznik-wtyczkowy-3x2p-bialy-r-30.jpg;"Timex Rozgałeźnik wtyczkowy 3x2P biały R-30";;Rozgałęźniki;8.195122;10.08;10;0
523;http://localhost:8080/474/rum-lux-rozgaleznik-mieszkaniowy-z-uziemieniem-i-bez-uziemienia-4-gniazda.jpg;"Rum-Lux Rozgałęźnik mieszkaniowy z uziemieniem i bez uziemienia 4 gniazda";;Rozgałęźniki;15.113821;18.59;10;0
522;http://localhost:8080/473/gtv-rozgaleziacz-wtyczkowy-3x-2pz-bialy-ae-ru0103-00.jpg;"GTV Rozgałęziacz wtyczkowy 3x 2P+Z biały AE-RU0103-00";;Rozgałęźniki;12.910569;15.88;10;0
521;http://localhost:8080/472/powercube-rozgaleznik-original-usb-czerwony-2202rd-froupc.jpg;"PowerCube Rozgałęźnik Original USB czerwony (2202RD/FROUPC)";;Rozgałęźniki;47.991870;59.03;10;0
520;http://localhost:8080/471/powercube-rozgaleznik-original-usb-zielony-2202gn-froupc.jpg;"PowerCube Rozgałęźnik Original USB zielony (2202GN/FROUPC)";;Rozgałęźniki;56.829268;69.9;10;0
519;http://localhost:8080/470/powercube-rozgaleznik-original-niebieski-2100bl-frorpc.jpg;"PowerCube Rozgałęźnik Original niebieski (2100BL/FRORPC)";;Rozgałęźniki;36.504065;44.9;10;0
518;http://localhost:8080/469/legrand-rozgaleznik-wtyczkowy-3x2p-z-uziemieniem-bialy-50639.jpg;"Legrand Rozgałęźnik wtyczkowy 3x2p z uziemieniem biały (50639)";;Rozgałęźniki;18.585366;22.86;10;0
517;http://localhost:8080/468/rev-rozgaleznik-z-wylacznikiem-0512085777.jpg;"REV Rozgaleznik z wylacznikiem (0512085777)";;Rozgałęźniki;27.764228;34.15;10;0
516;http://localhost:8080/467/maclean-gniazdko-pradowe-potrojne-z-wylacznikiem-energy-mce142.jpg;"Maclean Gniazdko prądowe potrójne z wyłącznikiem Energy (MCE142)";;Rozgałęźniki;11.382114;14;10;0
515;http://localhost:8080/466/rum-lux-rozgaleznik-z-8-z-uziemieniem-i-z-wylacznikiem-2-gniazdowy-rum-lux.jpg;"Rum-Lux Rozgałęźnik Z-8 z uziemieniem i z wyłącznikiem 2-gniazdowy RUM-LUX";;Rozgałęźniki;17.065041;20.99;10;0
514;http://localhost:8080/465/gtv-rozgaleziacz-wtyczkowy-2x-2pz-1xeuro-bialy-ae-ru0121-00.jpg;"GTV Rozgałęziacz wtyczkowy 2x 2P+Z +1xEURO biały (AE-RU0121-00)";;Rozgałęźniki;16.252033;19.99;10;0
513;http://localhost:8080/464/emos-rozgaleznik-3-gniazda-okragle-bialy-z-uziemieniem-1905030020.jpg;"Emos Rozgałęźnik 3 gniazda okrągłe biały z uziemieniem - 1905030020";;Rozgałęźniki;10.308943;12.68;10;0
512;http://localhost:8080/463/elgotech-rozgaleznik-wtyczkowy-1-gniazdo-z-u-2-gniazda-b-u-r-21-2.jpg;"Elgotech Rozgałęźnik wtyczkowy 1-gniazdo z/u + 2-gniazda b/u R-21-2";;Rozgałęźniki;11.073171;13.62;10;0
511;http://localhost:8080/462/REV_Euro_512710777.jpg;"REV Euro 512710777";;Rozgałęźniki;9.544715;11.74;10;0
510;http://localhost:8080/461/rum-lux-rozgaleznik-mieszkaniowy-bez-uziemienia-z-1-3-gniazda-ro-0001.jpg;"Rum-Lux Rozgałęźnik mieszkaniowy bez uziemienia Z-1 3 gniazda (RO/0001)";;Rozgałęźniki;9.747967;11.99;10;0
509;http://localhost:8080/460/2x_typ_E_1x_typ_C.jpg;"2x typ E 1x typ C";;Rozgałęźniki;13.813008;16.99;10;0
508;http://localhost:8080/459/opal-rozgaleznik-okragly-2x2pz-z-uziemieniem-bialy.jpg;"Opal Rozgałęźnik okrągły 2x2P+Z z uziemieniem biały";;Rozgałęźniki;7.308943;8.99;10;0
507;http://localhost:8080/458/timex-rozgaleznik-wtyczkowy-2x2pz-1xeuro-bialy-r-21.jpg;"Timex Rozgałeźnik wtyczkowy 2x2P+Z +1xEuro biały R-21";;Rozgałęźniki;8.121951;9.99;10;0
506;http://localhost:8080/457/greenblue-magiccube-poczworne-gniazdko-pradowe-2-wejscia-usb-1-4m-gb118-mce118.jpg;"GreenBlue MagicCube poczwórne gniazdko prądowe 2 wejścia usb 1 4m GB118 (MCE118)";;Rozgałęźniki;46.341463;57;10;0
505;http://localhost:8080/456/powercube-rozgaleznik-original-zielony-2100gn-frorpc.jpg;"PowerCube Rozgałęźnik Original zielony (2100GN/FRORPC)";;Rozgałęźniki;33.617886;41.35;10;0
504;http://localhost:8080/455/rum-lux-rozgaleznik-z-7-z-uziemieniem-i-z-wylacznikiem-1-gniazdowy-rum-lux.jpg;"Rum-Lux Rozgałęźnik Z-7 z uziemieniem i z wyłącznikiem 1-gniazdowy RUM-LUX";;Rozgałęźniki;12.186992;14.99;10;0
503;http://localhost:8080/454/energenie-gniazdo-pl-eg-ac1f-01-w.jpg;"Energenie Gniazdo PL (EG-AC1F-01-W)";;Rozgałęźniki;8.406504;10.34;10;0
502;http://localhost:8080/453/maclean-gniazdo-pradowe-x2-mce31-z-wylacznikiem.jpg;"Maclean Gniazdo prądowe x2 MCE31 z wyłącznikiem";;Rozgałęźniki;13.528455;16.64;10;0
501;http://localhost:8080/452/premiumcord-rozgaleziacz-gniazda-sieciowego-na-3-gniazda-schuko.jpg;"PremiumCord Rozgałęziacz gniazda sieciowego na 3 gniazda Schuko";;Rozgałęźniki;17.065041;20.99;10;0
500;http://localhost:8080/451/powercube-rozgaleznik-original-usb-szary-2202gy-froupc.jpg;"PowerCube Rozgałęźnik Original USB szary (2202GY/FROUPC)";;Rozgałęźniki;52.837398;64.99;10;0
499;http://localhost:8080/450/plastrol-rozdzielacz-r-30-3x-wtyk-okragly-bialy-t-12118.jpg;"Plastrol rozdzielacz R-30 3x wtyk okrągły biały (T-12118)";;Rozgałęźniki;15.439024;18.99;10;0
498;http://localhost:8080/449/powercube-rozgaleznik-original-czerwony-2100rd-frorpc.jpg;"PowerCube Rozgałęźnik Original czerwony (2100RD/FRORPC)";;Rozgałęźniki;36.504065;44.9;10;0
497;http://localhost:8080/448/rum-lux-rozgaleznik-mieszkaniowy-z-uziemieniem-2-gniazda.jpg;"Rum-Lux Rozgałęźnik mieszkaniowy z uziemieniem 2 gniazda";;Rozgałęźniki;12.186992;14.99;10;0
496;http://localhost:8080/447/powercube-rozgaleznik-original-szary-2100gy-frorpc.jpg;"PowerCube Rozgałęźnik Original szary (2100GY/FRORPC)";;Rozgałęźniki;34.073171;41.91;10;0
495;http://localhost:8080/446/plastrol-r-41-rozgaleznik-4-gn-w-99762.jpg;"Plastrol R-41 Rozgałęźnik 4 gn (W-99762)";;Rozgałęźniki;12.601626;15.5;10;0
494;http://localhost:8080/445/brennenstuhl-adapter-zasilania-typ-e-2x-typ-c-typ-f-1508050.jpg;"Brennenstuhl Adapter zasilania Typ E / 2x Typ C Typ F (1508050)";;Rozgałęźniki;14.634146;18;10;0
493;http://localhost:8080/444/imex-rozgaleznik-4-gniazda-z-uziemieniem-r-48-4x2pz.jpg;"IMEX Rozgałęźnik 4 gniazda z uziemieniem R-48 4x2p+z";;Rozgałęźniki;12.569106;15.46;10;0
492;http://localhost:8080/443/legrand-rozgaleznik-wtyczkowy-euro-4-x-2p-6a-bialy-50650.jpg;"Legrand Rozgałęźnik wtyczkowy Euro 4 x 2P 6A biały (50650)";;Rozgałęźniki;26.008130;31.99;10;0
491;http://localhost:8080/442/ladowarka-whitenergy-8350.jpg;"Ładowarka Whitenergy (8350)";;"Ładowarki do akumulatorków";31.382114;38.6;10;0
490;http://localhost:8080/441/ladowarka-everactive-uc100-uc100.jpg;"Ładowarka EverActive UC100 (UC100)";;"Ładowarki do akumulatorków";24.504065;30.14;10;0
489;http://localhost:8080/440/ladowarka-panasonic-bq-cc87-001912630000.jpg;"Ładowarka Panasonic BQ-CC87 (001912630000)";;"Ładowarki do akumulatorków";136.577236;167.99;10;0
488;http://localhost:8080/439/ladowarka-ansmann-ans-1001-0085-1001-0085.jpg;"Ładowarka Ansmann ANS 1001-0085 (1001-0085)";;"Ładowarki do akumulatorków";102.991870;126.68;10;0
487;http://localhost:8080/438/ladowarka-xtar-x4-xt66.jpg;"Ładowarka Xtar X4 (XT66)";;"Ładowarki do akumulatorków";102.430894;125.99;10;0
486;http://localhost:8080/437/ladowarka-inline-01287.jpg;"Ładowarka InLine (01287)";;"Ładowarki do akumulatorków";94.617886;116.38;10;0
485;http://localhost:8080/436/ladowarka-varta-lcd-universal-charger-57688101401.jpg;"Ładowarka Varta LCD Universal Charger+ (57688101401)";;"Ładowarki do akumulatorków";88.560976;108.93;10;0
484;http://localhost:8080/435/ladowarka-varta-lcd-plug-charger-57687101441.jpg;"Ładowarka Varta LCD Plug Charger+ (57687101441)";;"Ładowarki do akumulatorków";81.243902;99.93;10;0
483;http://localhost:8080/434/ladowarka-panasonic-eneloop-bq-cc51e-pan-bq-cc51ebk-3mcce.jpg;"Ładowarka Panasonic Eneloop BQ-CC51E (PAN/BQ-CC51E+BK-3MCCE)";;"Ładowarki do akumulatorków";83.390244;102.57;10;0
482;http://localhost:8080/433/ladowarka-varta-pocket-led-57642101471.jpg;"Ładowarka Varta Pocket LED (57642101471)";;"Ładowarki do akumulatorków";57.260163;70.43;10;0
481;http://localhost:8080/432/ladowarka-green-cell-vitalcharger-grsetgc03.jpg;"Ładowarka Green Cell VitalCharger (GRSETGC03)";;"Ładowarki do akumulatorków";59.756098;73.5;10;0
480;http://localhost:8080/431/ladowarka-everactive-nc-109-nc109.jpg;"Ładowarka EverActive NC-109 (NC109)";;"Ładowarki do akumulatorków";51.154472;62.92;10;0
479;http://localhost:8080/430/ladowarka-verbatim-compact-49944.jpg;"Ładowarka Verbatim Compact (49944)";;"Ładowarki do akumulatorków";54.113821;66.56;10;0
478;http://localhost:8080/429/ladowarka-getech-lc5-1447-uniw.jpg;"Ładowarka GeTech LC5 (1447-uniw)";;"Ładowarki do akumulatorków";22.520325;27.7;10;0
477;http://localhost:8080/428/ladowarka-everactive-lc-200-lc200.jpg;"Ładowarka EverActive LC-200 (LC200)";;"Ładowarki do akumulatorków";21.130081;25.99;10;0
476;http://localhost:8080/427/ladowarka-duracell-cef14-cef14.jpg;"Ładowarka Duracell CEF14 (CEF14)";;"Ładowarki do akumulatorków";72.349593;88.99;10;0
475;http://localhost:8080/426/ladowarka-varta-lcd-ultra-fast-plus-57685101441.jpg;"Ładowarka Varta LCD Ultra-Fast-Plus (57685101441)";;"Ładowarki do akumulatorków";164.585366;202.44;10;0
474;http://localhost:8080/425/ladowarka-varta-dual-tech-57676101401.jpg;"Ładowarka Varta Dual Tech (57676101401)";;"Ładowarki do akumulatorków";132.398374;162.85;10;0
473;http://localhost:8080/424/ladowarka-technoline-bc-1000-bc1000.jpg;"Ładowarka Technoline BC 1000 (BC1000)";;"Ładowarki do akumulatorków";133.260163;163.91;10;0
472;http://localhost:8080/423/ladowarka-energizer-universal-e301335800.jpg;"Ładowarka Energizer Universal (E301335800)";;"Ładowarki do akumulatorków";72.439024;89.1;10;0
471;http://localhost:8080/422/ladowarka-energizer-pro-639837.jpg;"Ładowarka Energizer pro (639837)";;"Ładowarki do akumulatorków";70.544715;86.77;10;0
470;http://localhost:8080/421/ladowarka-green-cell-vitalcharger-grsetgc01.jpg;"Ładowarka Green Cell VitalCharger (GRSETGC01)";;"Ładowarki do akumulatorków";50.642276;62.29;10;0
469;http://localhost:8080/420/ladowarka-everactive-xtar-vc2-vc2.jpg;"Ładowarka EverActive Xtar VC2 (VC2)";;"Ładowarki do akumulatorków";41.382114;50.9;10;0
468;http://localhost:8080/419/ladowarka-varta-mini-lader-57646201421.jpg;"Ładowarka Varta Mini Lader (57646201421)";;"Ładowarki do akumulatorków";24.065041;29.6;10;0
467;http://localhost:8080/418/ladowarka-getech-lc28-685-uniw.jpg;"Ładowarka GeTech LC28 (685-uniw)";;"Ładowarki do akumulatorków";16.813008;20.68;10;0
466;http://localhost:8080/417/ladowarka-ansmann-1001-0013.jpg;"Ładowarka Ansmann (1001-0013)";;"Ładowarki do akumulatorków";129.260163;158.99;10;0
465;http://localhost:8080/416/ladowarka-inline-01286.jpg;"Ładowarka InLine (01286)";;"Ładowarki do akumulatorków";43.081301;52.99;10;0
464;http://localhost:8080/415/ladowarka-powerneed-ec06-ec06.jpg;"Ładowarka PowerNeed EC06 (EC06)";;"Ładowarki do akumulatorków";14.552846;17.9;10;0
463;http://localhost:8080/414/ladowarka-everactive-c-d-adapter.jpg;"Ładowarka EverActive C/D (ADAPTER)";;"Ładowarki do akumulatorków";10.373984;12.76;10;0
462;http://localhost:8080/413/ladowarka-everactive-nc-1600-nc1600.jpg;"Ładowarka EverActive NC-1600 (NC1600)";;"Ładowarki do akumulatorków";192.674797;236.99;10;0
461;http://localhost:8080/412/ladowarka-panasonic-bq-cc87aa4-001912660000.jpg;"Ładowarka Panasonic BQ-CC87+AA4 (001912660000)";;"Ładowarki do akumulatorków";128.878049;158.52;10;0
460;http://localhost:8080/411/ladowarka-energizer-maxi-enermaxi.jpg;"Ładowarka Energizer Maxi (ENERMAXI)";;"Ładowarki do akumulatorków";51.544715;63.4;10;0
459;http://localhost:8080/410/ladowarka-varta-universal-bava-lad-57648.jpg;"Ładowarka Varta Universal (BAVA ŁAD 57648)";;"Ładowarki do akumulatorków";63.504065;78.11;10;0
458;http://localhost:8080/409/ladowarka-duracell-cef14-118577.jpg;"Ładowarka Duracell CEF14 (118577)";;"Ładowarki do akumulatorków";60.967480;74.99;10;0
457;http://localhost:8080/408/ladowarka-varta-mini-lader-bava-lad-57646-2100.jpg;"Ładowarka Varta Mini Lader (BAVA ŁAD 57646-2100)";;"Ładowarki do akumulatorków";26.357724;32.42;10;0
456;http://localhost:8080/407/ladowarka-panasonic-eneloop-bq-cc63e-bq-cc63e.jpg;"Ładowarka Panasonic Eneloop BQ-CC63E (BQ-CC63E)";;"Ładowarki do akumulatorków";128.105691;157.57;10;0
455;http://localhost:8080/406/ladowarka-green-cell-vitalcharger-gradgc01.jpg;"Ładowarka Green Cell VitalCharger (GRADGC01)";;"Ładowarki do akumulatorków";32.439024;39.9;10;0
454;http://localhost:8080/405/ladowarka-logilink-pa0168.jpg;"Ładowarka LogiLink (PA0168)";;"Ładowarki do akumulatorków";28.788618;35.41;10;0
453;http://localhost:8080/404/ladowarka-panasonic-eneloop-bqcc50-001575710000.jpg;"Ładowarka Panasonic Eneloop BQCC50 (001575710000)";;"Ładowarki do akumulatorków";58.528455;71.99;10;0
452;http://localhost:8080/403/ladowarka-varta-mini-charger-bava-lad-57646-2400.jpg;"Ładowarka Varta Mini Charger (BAVA ŁAD 57646-2400)";;"Ładowarki do akumulatorków";17.804878;21.9;10;0
451;http://localhost:8080/402/ladowarka-energizer-e300701500.jpg;"Ładowarka Energizer (E300701500)";;"Ładowarki do akumulatorków";64.056911;78.79;10;0
450;http://localhost:8080/401/ladowarka-everactive-nc-800-nc800.jpg;"Ładowarka EverActive NC-800 (NC800)";;"Ładowarki do akumulatorków";97.585366;120.03;10;0
449;http://localhost:8080/400/ladowarka-varta-plug-charger-57647101451.jpg;"Ładowarka Varta Plug Charger (57647101451)";;"Ładowarki do akumulatorków";51.544715;63.4;10;0
448;http://localhost:8080/399/ladowarka-panasonic-eneloop-bq-cc51-bq-cc51e.jpg;"Ładowarka Panasonic Eneloop BQ-CC51 (BQ-CC51E)";;"Ładowarki do akumulatorków";46.000000;56.58;10;0
447;http://localhost:8080/398/ladowarka-panasonic-bq-cc55e-bq-cc55e.jpg;"Ładowarka Panasonic BQ-CC55E (BQ-CC55E)";;"Ładowarki do akumulatorków";77.227642;94.99;10;0
446;http://localhost:8080/397/ladowarka-everactive-nc-450-nc450b.jpg;"Ładowarka EverActive NC-450 (NC450B)";;"Ładowarki do akumulatorków";47.634146;58.59;10;0
445;http://localhost:8080/396/ladowarka-varta-57070.jpg;"Ładowarka Varta (57070)";;"Ładowarki do akumulatorków";51.577236;63.44;10;0
444;http://localhost:8080/395/ladowarka-panasonic-eneloop-bq-cc17-001540350000.jpg;"Ładowarka Panasonic Eneloop BQ-CC17 (001540350000)";;"Ładowarki do akumulatorków";81.243902;99.93;10;0
443;http://localhost:8080/394/ladowarka-panasonic-eneloop-k-kj55mcc40e.jpg;"Ładowarka Panasonic Eneloop (K-KJ55MCC40E)";;"Ładowarki do akumulatorków";111.373984;136.99;10;0
442;http://localhost:8080/393/ladowarka-panasonic-eneloop-bq-cc55-k-kj55hcd40e.jpg;"Ładowarka Panasonic Eneloop BQ-CC55 (K-KJ55HCD40E)";;"Ładowarki do akumulatorków";115.634146;142.23;10;0
441;http://localhost:8080/392/ladowarka-technotrade-bc-700-fotakczas0005.jpg;"Ładowarka Technotrade BC-700 (FOTAKCZAS0005)";;"Ładowarki do akumulatorków";103.000000;126.69;10;0
440;http://localhost:8080/391/ladowarka-ansmann-photocam-v-5207473.jpg;"Ładowarka Ansmann Photocam V (5207473)";;"Ładowarki do akumulatorków";85.804878;105.54;10;0
439;http://localhost:8080/390/ladowarka-everactive-xtar-mc1-mc1.jpg;"Ładowarka EverActive Xtar MC1 (MC1)";;"Ładowarki do akumulatorków";16.609756;20.43;10;0
438;http://localhost:8080/389/ladowarka-everactive-nc-1200-nc1200.jpg;"Ładowarka EverActive NC-1200 (NC1200)";;"Ładowarki do akumulatorków";156.902439;192.99;10;0
437;http://localhost:8080/388/ladowarka-everactive-nc-900u-nc900u.jpg;"Ładowarka EverActive NC-900U (NC900U)";;"Ładowarki do akumulatorków";120.317073;147.99;10;0
436;http://localhost:8080/387/ladowarka-panasonic-eneloop-bq-cc65e-bq-cc65e.jpg;"Ładowarka Panasonic Eneloop BQ-CC65E (BQ-CC65E)";;"Ładowarki do akumulatorków";228.447154;280.99;10;0
435;http://localhost:8080/386/ladowarka-everactive-nc-1000-plus-nc1000.jpg;"Ładowarka EverActive NC-1000 PLUS (NC1000)";;"Ładowarki do akumulatorków";94.300813;115.99;10;0
434;http://localhost:8080/385/ladowarka-everactive-uc-4000-uc4000.jpg;"Ładowarka EverActive UC-4000 (UC4000)";;"Ładowarki do akumulatorków";166.658537;204.99;10;0
433;http://localhost:8080/384/ladowarka-everactive-nc-3000-5902020523598.jpg;"Ładowarka EverActive NC-3000 (5902020523598)";;"Ładowarki do akumulatorków";130.073171;159.99;10;0
432;http://localhost:8080/383/panasonic-akumulator-eneloop-aa-r6-1900mah-8-szt.jpg;"Panasonic Akumulator Eneloop AA / R6 1900mAh 8 szt.";;"Baterie i akumulatorki";152.260163;187.28;10;0
431;http://localhost:8080/382/panasonic-akumulator-eneloop-aaa-r03-750mah-4-szt.jpg;"Panasonic Akumulator Eneloop AAA / R03 750mAh 4 szt.";;"Baterie i akumulatorki";38.211382;47;10;0
430;http://localhost:8080/381/panasonic-akumulator-eneloop-aa-r6-1900mah-4-szt.jpg;"Panasonic Akumulator Eneloop AA / R6 1900mAh 4 szt.";;"Baterie i akumulatorki";56.040650;68.93;10;0
429;http://localhost:8080/380/panasonic-akumulator-eneloop-pro-aa-r6-2500mah-4-szt.jpg;"Panasonic Akumulator Eneloop Pro AA / R6 2500mAh 4 szt.";;"Baterie i akumulatorki";97.552846;119.99;10;0
428;http://localhost:8080/379/panasonic-akumulator-eneloop-pro-aaa-r03-930mah-4-szt.jpg;"Panasonic Akumulator Eneloop Pro AAA / R03 930mAh 4 szt.";;"Baterie i akumulatorki";94.300813;115.99;10;0
427;http://localhost:8080/378/ansmann-akumulator-hycell-aa-r6-2400mah-4-szt.jpg;"Ansmann Akumulator HyCell AA / R6 2400mAh 4 szt.";;"Baterie i akumulatorki";62.747967;77.18;10;0
426;http://localhost:8080/377/gp-bateria-recyko-pro-aa-r6-2000mah-4-szt.jpg;"GP Bateria ReCyko Pro AA / R6 2000mAh 4 szt.";;"Baterie i akumulatorki";39.024390;48;10;0
425;http://localhost:8080/376/everactive-akumulator-6f22-550mah-1-szt.jpg;"EverActive Akumulator 6F22 550mAh 1 szt.";;"Baterie i akumulatorki";33.325203;40.99;10;0
424;http://localhost:8080/375/gp-bateria-recyko-9v-block-200mah-1-szt.jpg;"GP Bateria ReCyko 9V Block 200mAh 1 szt.";;"Baterie i akumulatorki";30.894309;38;10;0
423;http://localhost:8080/374/varta-akumulator-electronics-aa-r6-2500mah-2-szt.jpg;"Varta Akumulator Electronics AA / R6 2500mAh 2 szt.";;"Baterie i akumulatorki";26.886179;33.07;10;0
422;http://localhost:8080/373/varta-bateria-professional-lithium-aa-r6-2-szt.jpg;"Varta Bateria Professional Lithium AA / R6 2 szt.";;"Baterie i akumulatorki";23.398374;28.78;10;0
421;http://localhost:8080/372/ansmann-bateria-do-aparatow-sluchowych-pr41-180mah-6-szt.jpg;"Ansmann Bateria do aparatów słuchowych PR41 180mAh 6 szt.";;"Baterie i akumulatorki";15.000000;18.45;10;0
420;http://localhost:8080/371/panasonic-akumulator-power-d-r20-6000mah-2-szt.jpg;"Panasonic Akumulator Power D / R20 6000mAh 2 szt.";;"Baterie i akumulatorki";12.089431;14.87;10;0
419;http://localhost:8080/370/panasonic-bateria-cr1025-1-szt.jpg;"Panasonic Bateria CR1025 1 szt.";;"Baterie i akumulatorki";9.756098;12;10;0
418;http://localhost:8080/369/duracell-bateria-cr1632-137mah-1-szt.jpg;"Duracell Bateria CR1632 137mAh 1 szt.";;"Baterie i akumulatorki";9.747967;11.99;10;0
417;http://localhost:8080/368/sony-bateria-cr2025-5-szt.jpg;"Sony Bateria CR2025 5 szt.";;"Baterie i akumulatorki";8.934959;10.99;10;0
416;http://localhost:8080/367/duracell-duracell-bateria-basic-6lr61-9v-1-sztv2.jpg;"Duracell DURACELL Bateria BASIC 6LR61/9V (1 szt.)V2";;"Baterie i akumulatorki";8.455285;10.4;10;0
415;http://localhost:8080/366/ansmann-akumulator-phone-aaa-r03-550mah-2-szt.jpg;"Ansmann Akumulator Phone AAA / R03 550mAh 2 szt.";;"Baterie i akumulatorki";7.317073;9;10;0
414;http://localhost:8080/365/panasonic-bateria-evolta-c-r14-2-szt.jpg;"Panasonic Bateria Evolta C / R14 2 szt.";;"Baterie i akumulatorki";6.504065;8;10;0
413;http://localhost:8080/364/varta-bateria-high-energy-aa-r6-2-szt.jpg;"Varta Bateria High Energy AA / R6 2 szt.";;"Baterie i akumulatorki";4.975610;6.12;10;0
412;http://localhost:8080/363/tecxus-bateria-a27-2-szt.jpg;"Tecxus Bateria A27 2 szt.";;"Baterie i akumulatorki";2.731707;3.36;10;0
411;http://localhost:8080/362/toshiba-bateria-high-power-aa-r6-1-szt.jpg;"Toshiba Bateria High Power AA / R6 1 szt.";;"Baterie i akumulatorki";2.357724;2.9;10;0
410;http://localhost:8080/361/energizer-bateria-aa-r6-1-szt.jpg;"Energizer Bateria AA / R6 1 szt.";;"Baterie i akumulatorki";2.300813;2.83;10;0
409;http://localhost:8080/360/energizer-bateria-lr6-aa-1-szt.jpg;"Energizer Bateria LR6/AA 1 szt.";;"Baterie i akumulatorki";2.130081;2.62;10;0
408;http://localhost:8080/359/varta-bateria-longlife-aa-r6-1-szt.jpg;"Varta Bateria LongLife AA / R6 1 szt.";;"Baterie i akumulatorki";1.626016;2;10;0
407;http://localhost:8080/358/panasonic-bateria-cell-power-n-r1-1-szt.jpg;"Panasonic Bateria Cell Power N / R1 1 szt.";;"Baterie i akumulatorki";1.626016;2;10;0
406;http://localhost:8080/357/philips-akumulator-aaa-r03-950mah-4-szt.jpg;"Philips Akumulator AAA / R03 950mAh 4 szt.";;"Baterie i akumulatorki";33.162602;40.79;10;0
405;http://localhost:8080/356/ansmann-bateria-lr41-1-szt.jpg;"Ansmann Bateria LR41 1 szt.";;"Baterie i akumulatorki";4.065041;5;10;0
404;http://localhost:8080/355/energizer-bateria-aaa-r03-24-szt.jpg;"Energizer Bateria AAA / R03 24 szt.";;"Baterie i akumulatorki";38.487805;47.34;10;0
403;http://localhost:8080/354/varta-bateria-electronics-4lr44-170mah-1-szt.jpg;"Varta Bateria Electronics 4LR44 170mAh 1 szt.";;"Baterie i akumulatorki";36.918699;45.41;10;0
402;http://localhost:8080/353/varta-bateria-chron-379-10-szt.jpg;"Varta Bateria Chron 379 10 szt.";;"Baterie i akumulatorki";16.260163;20;10;0
401;http://localhost:8080/352/energizer-bateria-ultimate-cr2032-4-szt.jpg;"Energizer Bateria Ultimate CR2032 4 szt.";;"Baterie i akumulatorki";14.650407;18.02;10;0
400;http://localhost:8080/351/maxell-bateria-cr1616-5-szt.jpg;"Maxell Bateria CR1616 5 szt.";;"Baterie i akumulatorki";12.959350;15.94;10;0
399;http://localhost:8080/350/duracell-bateria-security-aaaa-2-szt.jpg;"Duracell Bateria Security AAAA 2 szt.";;"Baterie i akumulatorki";10.024390;12.33;10;0
398;http://localhost:8080/349/everactive-bateria-do-aparatow-sluchowych-pr48-6-szt.jpg;"EverActive Bateria do aparatów słuchowych PR48 6 szt.";;"Baterie i akumulatorki";5.495935;6.76;10;0
397;http://localhost:8080/348/duracell-bateria-cr1616-1-szt.jpg;"Duracell Bateria CR1616 1 szt.";;"Baterie i akumulatorki";4.886179;6.01;10;0
396;http://localhost:8080/347/everactive-bateria-pro-aa-r6-2900mah-4-szt.jpg;"EverActive Bateria Pro AA / R6 2900mAh 4 szt.";;"Baterie i akumulatorki";3.983740;4.9;10;0
395;http://localhost:8080/346/energizer-bateria-industrial-aaa-r03-1-szt.jpg;"Energizer Bateria Industrial AAA / R03 1 szt.";;"Baterie i akumulatorki";2.073171;2.55;10;0
394;http://localhost:8080/345/energizer-bateria-ultimate-aaa-r03-4-szt.jpg;"Energizer Bateria Ultimate AAA / R03 4 szt.";;"Baterie i akumulatorki";42.024390;51.69;10;0
393;http://localhost:8080/344/varta-bateria-electronics-sr44-155mah-1-szt.jpg;"Varta Bateria Electronics SR44 155mAh 1 szt.";;"Baterie i akumulatorki";27.666667;34.03;10;0
392;http://localhost:8080/343/varta-bateria-electronics-lr9-200mah-1-szt.jpg;"Varta Bateria Electronics LR9 200mAh 1 szt.";;"Baterie i akumulatorki";3.357724;4.13;10;0
391;http://localhost:8080/342/varta-bateria-electronics-lr44-125mah-2-szt.jpg;"Varta Bateria Electronics LR44 125mAh 2 szt.";;"Baterie i akumulatorki";3.609756;4.44;10;0
390;http://localhost:8080/341/maxell-bateria-cr2032-220mah-1-szt.jpg;"Maxell Bateria CR2032 220mAh 1 szt.";;"Baterie i akumulatorki";3.796748;4.67;10;0
389;http://localhost:8080/340/duracell-bateria-electro-sr66-1-szt.jpg;"Duracell Bateria Electro SR66 1 szt.";;"Baterie i akumulatorki";4.715447;5.8;10;0
388;http://localhost:8080/339/gp-akumulator-phone-aa-r6-1300mah-4-szt.jpg;"GP Akumulator Phone AA / R6 1300mAh 4 szt.";;"Baterie i akumulatorki";17.439024;21.45;10;0
387;http://localhost:8080/338/duracell-bateria-electronics-cr2430-1-szt.jpg;"Duracell Bateria Electronics CR2430 1 szt.";;"Baterie i akumulatorki";6.991870;8.6;10;0
386;http://localhost:8080/337/kodak-bateria-aaa-r03-4-szt.jpg;"Kodak Bateria AAA / R03 4 szt.";;"Baterie i akumulatorki";3.243902;3.99;10;0
385;http://localhost:8080/336/esperanza-akumulator-niebieskie-aaa-r03-1000mah-4-szt.jpg;"Esperanza Akumulator niebieskie AAA / R03 1000mAh 4 szt.";;"Baterie i akumulatorki";20.406504;25.1;10;0
384;http://localhost:8080/335/duracell-bateria-a27-1-szt.jpg;"Duracell Bateria A27 1 szt.";;"Baterie i akumulatorki";3.512195;4.32;10;0
383;http://localhost:8080/334/duracell-bateria-electronics-cr2032-220mah-2-szt.jpg;"Duracell Bateria Electronics CR2032 220mAh 2 szt.";;"Baterie i akumulatorki";18.146341;22.32;10;0
382;http://localhost:8080/333/duracell-bateria-electronics-cr2032-220mah-4-szt.jpg;"Duracell Bateria Electronics CR2032 220mAh 4 szt.";;"Baterie i akumulatorki";14.959350;18.4;10;0
381;http://localhost:8080/332/green-cell-akumulator-aa-r6-2600mah-4-szt.jpg;"Green Cell Akumulator AA / R6 2600mAh 4 szt.";;"Baterie i akumulatorki";33.325203;40.99;10;0
380;http://localhost:8080/331/panasonic-bateria-power-aa-r6-4-szt.jpg;"Panasonic Bateria Power AA / R6 4 szt.";;"Baterie i akumulatorki";1.658537;2.04;10;0
379;http://localhost:8080/330/duracell-bateria-basic-aaa-r03-12-szt.jpg;"Duracell Bateria Basic AAA / R03 12 szt.";;"Baterie i akumulatorki";22.585366;27.78;10;0
378;http://localhost:8080/329/green-cell-akumulator-greencell-aaa-r03-950mah-4-szt.jpg;"Green Cell Akumulator Greencell AAA / R03 950mAh 4 szt.";;"Baterie i akumulatorki";16.252033;19.99;10;0
377;http://localhost:8080/328/energizer-bateria-industrial-aa-r6-10-szt.jpg;"Energizer Bateria Industrial AA / R6 10 szt.";;"Baterie i akumulatorki";10.626016;13.07;10;0
376;http://localhost:8080/327/varta-bateria-high-energy-aa-r6-24-szt.jpg;"Varta Bateria High Energy AA / R6 24 szt.";;"Baterie i akumulatorki";31.317073;38.52;10;0
375;http://localhost:8080/326/everactive-akumulator-professional-line-aaa-r03-1050mah-4-szt.jpg;"EverActive Akumulator Professional Line AAA / R03 1050mAh 4 szt.";;"Baterie i akumulatorki";23.569106;28.99;10;0
374;http://localhost:8080/325/panasonic-akumulator-eneloop-pro-aa-r6-2500mah-4-szt.jpg;"Panasonic Akumulator Eneloop Pro AA / R6 2500mAh 4 szt.";;"Baterie i akumulatorki";63.739837;78.4;10;0
373;http://localhost:8080/324/varta-bateria-superlife-aaa-r03-4-szt.jpg;"Varta Bateria Superlife AAA / R03 4 szt.";;"Baterie i akumulatorki";2.357724;2.9;10;0
372;http://localhost:8080/323/tecnoware-stabilizator-napiecia-tecnoware-3000va-2400w-ip20.jpg;"Tecnoware Stabilizator Napięcia Tecnoware 3000VA/2400W IP20";;"Stabilizatory napięcia";609.422764;749.59;10;0
371;http://localhost:8080/322/powerwalker-stabilizator-napiecia-avr-3000va-siv-fr.jpg;"PowerWalker Stabilizator napięcia AVR 3000VA SIV FR";;"Stabilizatory napięcia";510.560976;627.99;10;0
370;http://localhost:8080/321/kemot-automatyczny-stabilizator-napiecia-kemot-mser-1000.jpg;"Kemot Automatyczny stabilizator napięcia Kemot MSER-1000";;"Stabilizatory napięcia";222.113821;273.2;10;0
369;http://localhost:8080/320/kemot-automatyczny-stabilizator-regulator-napiecia-230v.jpg;"Kemot AUTOMATYCZNY STABILIZATOR REGULATOR NAPIĘCIA 230V";;"Stabilizatory napięcia";202.439024;249;10;0
368;http://localhost:8080/319/kemot-automatyczny-stabilizator-napiecia-kemot-mser-500.jpg;"Kemot Automatyczny stabilizator napięcia KEMOT MSER-500";;"Stabilizatory napięcia";161.788618;199;10;0
367;http://localhost:8080/318/volt-stabilizator-napiecia-avr-1000va-5avr1000se.jpg;"Volt Stabilizator napięcia AVR 1000VA-5AVR1000SE";;"Stabilizatory napięcia";172.130081;211.72;10;0
366;http://localhost:8080/317/kraftdele-stabilizator-napiecia-pradu-avr-1000w-do-agregatu.jpg;"Kraft&Dele Stabilizator napięcia prądu AVR 1000W Do agregatu";;"Stabilizatory napięcia";146.341463;180;10;0
365;http://localhost:8080/316/energenie-stabilizator-napiecia-1000v-ac-eg-avr-1001.jpg;"Energenie Stabilizator napięcia 1000V AC EG-AVR-1001";;"Stabilizatory napięcia";141.585366;174.15;10;0
364;http://localhost:8080/315/ultimar-regulator-ladowania-30a-12v-24v-kontroler-solarny.jpg;"Ultimar Regulator Ładowania 30A 12V 24V Kontroler Solarny";;"Stabilizatory napięcia";40.569106;49.9;10;0
363;http://localhost:8080/314/powerwalker-stabilizator-napiecia-avr-1200va-3-x-schuko-220240v.jpg;"PowerWalker Stabilizator napięcia AVR 1200VA 3 x Schuko (220240V)";;"Stabilizatory napięcia";186.756098;229.71;10;0
362;http://localhost:8080/313/powerwalker-stabilizator-napiecia-avr-led-220-230-240v-600va-3-x-schuko.jpg;"PowerWalker Stabilizator napięcia AVR LED 220/230/240V 600VA 3 x Schuko";;"Stabilizatory napięcia";161.626016;198.8;10;0
361;http://localhost:8080/312/powerwalker-stabilizator-napiecia-avr-1000va-3-x-schuko-220-230-240v-avr1000.jpg;"PowerWalker Stabilizator napięcia AVR 1000VA 3 x Schuko (220/230/240V) (AVR1000)";;"Stabilizatory napięcia";190.398374;234.19;10;0
360;http://localhost:8080/311/lanberg-15m-czarna-5-gniazd-kabel-wykonany-z-pelnej-miedzi-ps0-05e-0150-bk.jpg;"Lanberg 1.5m czarna 5 gniazd kabel wykonany z pełnej miedzi -PS0-05E-0150-BK";;Przedłużacze;14.967480;18.41;10;0
359;http://localhost:8080/310/premiumcord-przedluzacz-m-f-7m-ppe1-07.jpg;"PremiumCord Przedłużacz M/F 7m (ppe1-07)";;Przedłużacze;48.926829;60.18;10;0
358;http://localhost:8080/309/premiumcord-przedluzacz-m-f-3m-ppe1-03.jpg;"PremiumCord Przedłużacz M/F 3m (ppe1-03)";;Przedłużacze;78.048780;96;10;0
357;http://localhost:8080/308/logilink-logilink-netzkabel-euro-cee-7-16-stecker-zu-dose-1m-schwarz-cp122.jpg;"LogiLink LogiLink Netzkabel Euro CEE 7/16 Stecker zu Dose 1m Schwarz - CP122";;Przedłużacze;12.113821;14.9;10;0
356;http://localhost:8080/307/logilink-przedluzacz-kabla-zasilajacego-logilink-cp124-euro-cee-7-16-czarny-3m-cp124.jpg;"LogiLink Przedłużacz kabla zasilającego LogiLink CP124 Euro CEE 7/16 czarny 3m - CP124";;Przedłużacze;20.162602;24.8;10;0
355;http://localhost:8080/306/vorel-przedluzacz-elektryczny-z-uziemieniem-4-gniazda-1-5m-72620.jpg;"Vorel Przedłużacz elektryczny z uziemieniem 4 gniazda 1 5m (72620)";;Przedłużacze;14.024390;17.25;10;0
354;http://localhost:8080/305/premiumcord-przedluzacz-m-f-5m-ppe1-05.jpg;"PremiumCord Przedłużacz M/F 5m (ppe1-05)";;Przedłużacze;28.333333;34.85;10;0
353;http://localhost:8080/304/logilink-przedluzacz-kabla-zasilajacego-logilink-cp123-euro-cee-7-16-czarny-2m-cp123.jpg;"LogiLink Przedłużacz kabla zasilającego LogiLink CP123 Euro CEE 7/16 czarny 2m - CP123";;Przedłużacze;16.243902;19.98;10;0
352;http://localhost:8080/303/vorel-przedluzacz-elektryczny-z-uziemieniem-4-gniazda-5m-72622.jpg;"Vorel Przedłużacz elektryczny z uziemieniem 4 gniazda 5m 72622";;Przedłużacze;25.430894;31.28;10;0
351;http://localhost:8080/302/powercube-przedluzacz-extended-usb-3m-szary-2404-freupc.jpg;"PowerCube Przedłużacz Extended USB 3m szary (2404/FREUPC)";;Przedłużacze;75.056911;92.32;10;0
350;http://localhost:8080/301/premiumcord-przedluzacz-m-f-230v-2m-ppe1-02.jpg;"PremiumCord Przedłużacz M/F 230V 2m (ppe1-02)";;Przedłużacze;16.479675;20.27;10;0
349;http://localhost:8080/300/powercube-przedluzacz-extended-1-5m-szary-2300gy-frexpc.jpg;"PowerCube Przedłużacz Extended 1 5m szary (2300GY/FREXPC)";;Przedłużacze;36.650407;45.08;10;0
348;http://localhost:8080/299/powercube-przedluzacz-extended-usb-1-5m-szary-2402gy-freupc.jpg;"PowerCube Przedłużacz Extended USB 1 5m szary (2402GY/FREUPC)";;Przedłużacze;53.617886;65.95;10;0
347;http://localhost:8080/298/lena-lighting-przedluzacz-bebnowy-silowy-5x2-5-20m-2x400v-1x230v-199998.jpg;"Lena Lighting Przedłużacz bębnowy siłowy 5x2 5 20m 2x400V 1x230V - 199998";;Przedłużacze;512.959350;630.94;10;0
346;http://localhost:8080/297/plastrol-przedluzacz-bebnowy-standard-line-40m-h05vv-f-3x1-5-4xgs-16a-pomaranczowy-w-98950.jpg;"Plastrol przedłużacz bębnowy Standard Line 40m H05VV-F 3x1 5 4xGS 16A pomarańczowy (W-98950)";;Przedłużacze;331.008130;407.14;10;0
345;http://localhost:8080/296/plastrol-przedluzacz-bebnowy-professional-line-4x2pz-ip44-16a-h05rr-f-3x2-5-30m-czarny-w-97922.jpg;"Plastrol Przedłużacz bębnowy PROFESSIONAL LINE 4x2p+Z IP44 16A H05RR-F 3x2 5 30m czarny (W-97922)";;Przedłużacze;324.390244;399;10;0
344;http://localhost:8080/295/plastrol-przedluzacz-bebnowy-heavy-line-4x2pz-ip44-16a-h05rr-f-3x1-5-30m-czarny-w-99261.jpg;"Plastrol Przedłużacz bębnowy HEAVY LINE 4x2p+Z IP44 16A H05RR-F 3x1 5 30m czarny (W-99261)";;Przedłużacze;324.390244;399;10;0
343;http://localhost:8080/294/kel-przedluzacz-bebnowy-standard-line-25m-h05vv-f-3x1-5-4xgs-16a-pomaranczowy-w-97045.jpg;"KEL Przedłużacz bębnowy STANDARD LINE 25m H05VV-F 3x1 5 4xGS 16A pomarańczowy (W-97045)";;Przedłużacze;258.195122;317.58;10;0
342;http://localhost:8080/293/plastrol-przedluzacz-bebnowy-heavy-line-schuko-4x2pz-ip44-16a-h05rr-f-3x1-5-30m-czarny-w-99449.jpg;"Plastrol Przedłużacz bębnowy HEAVY LINE SCHUKO 4x2p+Z IP44 16A H05RR-F 3x1 5 30m czarny (W-99449)";;Przedłużacze;256.097561;315;10;0
341;http://localhost:8080/292/plastrol-przedluzacz-bebnowy-standard-line-4x2pz-ip20-16a-h05vv-f-3x1-5-40m-pomaranczowy-w-97047.jpg;"Plastrol Przedłużacz bębnowy STANDARD LINE 4x2p+Z IP20 16A H05VV-F 3x1 5 40m pomarańczowy (W-97047)";;Przedłużacze;234.959350;289;10;0
340;http://localhost:8080/291/lena-lighting-przedluzacz-40m-ip44-bebnowy-3-gniazdowy-110184.jpg;"Lena Lighting Przedłużacz 40m IP44 bębnowy 3 gniazdowy (110184)";;Przedłużacze;229.398374;282.16;10;0
339;http://localhost:8080/290/plastrol-przedluzacz-bebnowy-standard-line-schuko-4x2pz-ip20-10a-h05vv-f-3x1-5-50m-pomaranczowy-w-97542.jpg;"Plastrol Przedłużacz bębnowy STANDARD LINE SCHUKO 4x2p+Z IP20 10A H05VV-F 3x1 5 50m pomarańczowy (W-97542)";;Przedłużacze;226.829268;279;10;0
338;http://localhost:8080/289/plastrol-przedluzacz-bebnowy-professional-line-4x2pz-ip44-16a-h05rr-f-3x1-5-25m-czarny-w-97054.jpg;"Plastrol Przedłużacz bębnowy PROFESSIONAL LINE 4x2p+Z IP44 16A H05RR-F 3x1 5 25m czarny (W-97054)";;Przedłużacze;212.715447;261.64;10;0
337;http://localhost:8080/288/kel-przedluzacz-bebnowy-standard-line-4x2pz-16a-3680w-h05vv-f-3x1-5-40m-czarny-w-97372.jpg;"KEL Przedłużacz bębnowy STANDARD LINE 4x2p+Z 16A 3680W H05VV-F 3x1 5 40m czarny (W-97372)";;Przedłużacze;199.056911;244.84;10;0
336;http://localhost:8080/287/plastrol-przedluzacz-warsztatowy-gumowy-jednogniazdowy-2pz-16a-4000w-40m-w-97025.jpg;"Plastrol Przedłużacz warsztatowy gumowy jednogniazdowy 2p+Z 16A 4000W 40m (W-97025)";;Przedłużacze;198.536585;244.2;10;0
335;http://localhost:8080/286/plastrol-przedluzacz-bebnowy-standard-line-4x2pz-16a-3680w-przewod-3x1-5mm-h05vv-f-schuko-w-98497.jpg;"Plastrol Przedłużacz bębnowy STANDARD LINE 4x2p+Z 16A 3680W przewód 3x1 5mm H05VV-F SCHUKO (W-98497)";;Przedłużacze;194.308943;239;10;0
334;http://localhost:8080/285/plastrol-przedluzacz-bebnowy-standard-line-schuko-4x2pz-ip20-10a-h05vv-f-3x1-5-40m-pomaranczowy-w-97541.jpg;"Plastrol Przedłużacz bębnowy STANDARD LINE SCHUKO 4x2p+Z IP20 10A H05VV-F 3x1 5 40m pomarańczowy (W-97541)";;Przedłużacze;186.178862;229;10;0
333;http://localhost:8080/284/lena-lighting-przedluzacz-bebnowy-otwarty-ip44-3gn-20m-h05rr-f-3x1-5.jpg;"Lena Lighting PRZEDŁUŻACZ BĘBNOWY OTWARTY IP44 3GN 20M (H05RR-F 3x1 5)";;Przedłużacze;178.048780;219;10;0
332;http://localhost:8080/283/plastrol-przedluzacz-bebnowy-standard-line-30m-h05vv-f-3x1-5-4xgs-16a-pomaranczowy-w-98949.jpg;"Plastrol przedłużacz bębnowy Standard Line 30m H05VV-F 3x1 5 4xGS 16A pomarańczowy (W-98949)";;Przedłużacze;174.577236;214.73;10;0
331;http://localhost:8080/282/plastrol-przedluzacz-bebnowy-standard-line-schuko-4x2pz-ip20-10a-h05vv-f-3x1-5-30m-pomaranczowy-w-97529.jpg;"Plastrol Przedłużacz bębnowy STANDARD LINE SCHUKO 4x2p+Z IP20 10A H05VV-F 3x1 5 30m pomarańczowy (W-97529)";;Przedłużacze;153.658537;189;10;0
330;http://localhost:8080/281/plastrol-przedluzacz-bebnowy-standard-line-4x2pz-ip20-16a-h05vv-f-3x1-5-30m-pomaranczowy-w-97046.jpg;"Plastrol Przedłużacz bębnowy STANDARD LINE 4x2p+Z IP20 16A H05VV-F 3x1 5 30m pomarańczowy (W-97046)";;Przedłużacze;145.528455;179;10;0
329;http://localhost:8080/280/plastrol-przedluzacz-bebnowy-standard-line-schuko-4x2pz-ip20-10a-h05vv-f-3x1-5-25m-pomaranczowy-w-97540.jpg;"Plastrol Przedłużacz bębnowy STANDARD LINE SCHUKO 4x2p+Z IP20 10A H05VV-F 3x1 5 25m pomarańczowy (W-97540)";;Przedłużacze;137.398374;169;10;0
328;http://localhost:8080/279/plastrol-przedluzacz-bebnowy-standard-line-schuko-3680w-25m-w-98496.jpg;"Plastrol Przedłużacz bębnowy STANDARD LINE schuko 3680W 25m (W-98496)";;Przedłużacze;137.398374;169;10;0
327;http://localhost:8080/278/plastrol-przedluzacz-bebnowy-standard-line-25m-h05vv-f-3x1-5-4xgs-16a-pomaranczowy-w-98948.jpg;"Plastrol przedłużacz bębnowy Standard Line 25m H05VV-F 3x1 5 4xGS 16A pomarańczowy (W-98948)";;Przedłużacze;132.024390;162.39;10;0
326;http://localhost:8080/277/plastrol-przedluzacz-x3-przewod-w-oponie-gumowej-h05rr-f-czarna.jpg;"Plastrol Przedłużacz X3 przewód w oponie gumowej H05RR-F czarna";;Przedłużacze;121.138211;149;10;0
325;http://localhost:8080/276/plastrol-przedluzacz-warsztatowy-gumowy-jednogniazdowy-professional-schuko-ip44-20m-w-98546.jpg;"Plastrol Przedłużacz warsztatowy gumowy jednogniazdowy PROFESSIONAL SCHUKO IP44 20m (W-98546)";;Przedłużacze;113.008130;139;10;0
324;http://localhost:8080/275/plastrol-przedluzacz-warsztatowy-gumowy-jednogniazdowy-professional-schuko-ip44-30m-w-98199.jpg;"Plastrol Przedłużacz warsztatowy gumowy jednogniazdowy PROFESSIONAL schuko IP44 30m (W-98199)";;Przedłużacze;113.008130;139;10;0
323;http://localhost:8080/274/plastrol-przedluzacz-x3-przewod-w-oponie-gumowej-h05rr-f-czarna.jpg;"Plastrol Przedłużacz X3 przewód w oponie gumowej H05RR-F czarna";;Przedłużacze;104.878049;129;10;0
322;http://localhost:8080/273/ProXtend_Danish_Power_Strip_6_gniazd_10_m_czarna.jpg;"ProXtend Danish Power Strip 6 gniazd 10 m czarna";;Przedłużacze;82.308943;101.24;10;0
321;http://localhost:8080/272/plastrol-przedluzacz-ogrodowy-40m-2x1mm2-10a-w-98942.jpg;"Plastrol przedłużacz ogrodowy 40m 2x1mm2 10A (W-98942)";;Przedłużacze;81.292683;99.99;10;0
320;http://localhost:8080/271/Brennenstuhl_ECO-Line_5m.jpg;"Brennenstuhl ECO-Line 5m";;Przedłużacze;80.560976;99.09;10;0
319;http://localhost:8080/270/plastrol-przedluzacz-warsztatowy-gumowy-jednogniazdowy-2pz-16a-4000w-15m-w-97021.jpg;"Plastrol Przedłużacz warsztatowy gumowy jednogniazdowy 2p+Z 16A 4000W 15m (W-97021)";;Przedłużacze;80.487805;99;10;0
318;http://localhost:8080/269/emos-przedluzacz-bebnowy-z-uziemieniem-4-gniazda-15m-p194151.jpg;"Emos Przedłużacz bębnowy z uziemieniem 4 gniazda 15m (P194151)";;Przedłużacze;73.983740;91;10;0
317;http://localhost:8080/268/lena-lighting-beben-do-przedluzacza-3-gniazda-230v-619113.jpg;"Lena Lighting Bęben do przedłużacza 3 gniazda 230V - (619113)";;Przedłużacze;61.552846;75.71;10;0
316;http://localhost:8080/267/rebel-przedluzacz-sieciowy-rebel-5-gniazd-2-gniazda-usb-z-wylacznikiem-1-5m.jpg;"Rebel Przedłużacz sieciowy Rebel 5 gniazd + 2 gniazda USB z wyłącznikiem -1 5m";;Przedłużacze;48.682927;59.88;10;0
315;http://localhost:8080/266/Plastrol_PROFESSIONAL_schuko_10m.jpg;"Plastrol PROFESSIONAL schuko 10m";;Przedłużacze;43.902439;54;10;0
314;http://localhost:8080/265/plastrol-przedluzacz-warsztatowy-5x230v-ip44-h05rr-f-3g1-5-5m.jpg;"Plastrol Przedłużacz warsztatowy 5x230V IP44 H05RR-F 3G1 5 5m";;Przedłużacze;40.650407;50;10;0
313;http://localhost:8080/264/plastrol-przedluzacz-warsztatowy-3x230v-ip44-h05rr-f-3g1-5-3m.jpg;"Plastrol Przedłużacz warsztatowy 3x230V IP44 H05RR-F 3G1 5 3m";;Przedłużacze;28.455285;35;10;0
312;http://localhost:8080/263/acar-acar-ps-2p-2x1-200m.jpg;"Acar Acar PS-2P 2x1 20.0m";;Przedłużacze;28.373984;34.9;10;0
311;http://localhost:8080/262/inline-16461i-15m.jpg;"InLine 16461I 1.5m";;Przedłużacze;26.666667;32.8;10;0
310;http://localhost:8080/261/plastrol-przedluzacz-warsztatowy-gumowy-jednogniazdowy-2pz-16a-4000w-20m-w-97022.jpg;"Plastrol Przedłużacz warsztatowy gumowy jednogniazdowy 2p+Z 16A 4000W 20m (W-97022)";;Przedłużacze;99.325203;122.17;10;0
309;http://localhost:8080/260/plastrol-przedluzacz-warsztatowy-gumowy-jednogniazdowy-professional-schuko-25m-w-97759.jpg;"Plastrol Przedłużacz warsztatowy gumowy jednogniazdowy Professional schuko 25m (W-97759)";;Przedłużacze;96.747967;119;10;0
308;http://localhost:8080/259/vertex-przedluzacz-zwijany-30m-vertex-3x2-5-pom.jpg;"Vertex Przedłużacz zwijany 30M VERTEX 3x2 5 POM";;Przedłużacze;76.731707;94.38;10;0
307;http://localhost:8080/258/hama-standard-6gn-1-5m-441373420000.jpg;"Hama ""STANDARD"" 6GN 1 5M (441373420000)";;Przedłużacze;24.308943;29.9;10;0
306;http://localhost:8080/257/plastrol-przedluzacz-bebnowy-eco-line-4x2pz-10a-2300w-przewod-3x1mm-h05vv-f-20m-pomaranczowy-w-98946.jpg;"Plastrol Przedłużacz bębnowy ECO LINE 4x2p+Z 10A 2300W przewód 3x1mm H05VV-F 20m pomarańczowy (W-98946)";;Przedłużacze;113.008130;139;10;0
305;http://localhost:8080/256/plastrol-przedluzacz-ogrodowy-30m-2x1mm2-10a-2500w-w-98941.jpg;"Plastrol przedłużacz ogrodowy 30m 2x1mm2 10A 2500W (W-98941)";;Przedłużacze;59.186992;72.8;10;0
304;http://localhost:8080/255/emos-przedluzacz-5-gniazd-z-u-10m-h05vv-f-3g1-bialy-p0510.jpg;"Emos Przedłużacz 5-gniazd z/u 10m /H05VV-F 3G1/ biały (P0510)";;Przedłużacze;52.918699;65.09;10;0
303;http://localhost:8080/254/plastrol-przedluzacz-ogrodowy-25m-2x1mm2-10a-2500w-w-98940.jpg;"Plastrol przedłużacz ogrodowy 25m 2x1mm2 10A 2500W (W-98940)";;Przedłużacze;51.715447;63.61;10;0
302;http://localhost:8080/253/plastrol-przedluzacz-ogrodowy-10m-2x1mm2-10a-2500w-w-98937.jpg;"Plastrol przedłużacz ogrodowy 10m 2x1mm2 10A 2500W (W-98937)";;Przedłużacze;24.609756;30.27;10;0
301;http://localhost:8080/252/hama-przedluzacz-standard-2m-441219340000.jpg;"Hama Przedłużacz ""Standard"" 2M (441219340000)";;Przedłużacze;26.967480;33.17;10;0
300;http://localhost:8080/251/Spacetronik_Gniazdo_blatowe_otwierane_Spacetronik_SPS-D33B.jpg;"Spacetronik Gniazdo blatowe otwierane Spacetronik SPS-D33B";;"Gniazda blatowe";113.008130;139;10;0
299;http://localhost:8080/250/orno-gniazdo-meblowe-2x2pz-z-wylacznikiem-schuko-bialo-srebrne.jpg;"Orno Gniazdo meblowe 2x2P+Z z wyłącznikiem schuko biało-srebrne";;"Gniazda blatowe";104.073171;128.01;10;0
298;http://localhost:8080/249/orno-gniazdo-meblowe-2x2pz-z-wylacznikiem-bialo-srebrne.jpg;"Orno Gniazdo meblowe 2x2P+Z z wyłącznikiem biało-srebrne";;"Gniazda blatowe";104.073171;128.01;10;0
297;http://localhost:8080/248/orno-gniazdo-meblowe-2x2pz-z-wylacznikiem-czarno-srebrne.jpg;"Orno Gniazdo meblowe 2x2P+Z z wyłącznikiem czarno-srebrne";;"Gniazda blatowe";104.073171;128.01;10;0
296;http://localhost:8080/247/gtv-gtv-przedluzacz-biurkowy-wpuszczany-chowany-nablatowy-prostokatny-3x-gniazdo-bialy.jpg;"GTV GTV przedłużacz biurkowy wpuszczany chowany nablatowy prostokątny 3x gniazdo biały";;"Gniazda blatowe";110.243902;135.6;10;0
295;http://localhost:8080/246/orno-gniazdo-meblowe-6cm-wysuwane-z-blatu-z-blokada-i-przewodem-1-8m-3x2pz-schuko-inox.jpg;"Orno Gniazdo meblowe 6cm wysuwane z blatu z blokadą i przewodem 1 8m 3x2P+Z (Schuko) INOX";;"Gniazda blatowe";105.317073;129.54;10;0
294;http://localhost:8080/245/orno-gniazdo-meblowe-1x2pz-2xusb-wersja-schuko.jpg;"Orno Gniazdo meblowe 1x2P+Z 2xUSB wersja schuko";;"Gniazda blatowe";103.414634;127.2;10;0
293;http://localhost:8080/244/orno-gniazdo-meblowe-z-wylacznikiem-2x2pz-wersja-schuko.jpg;"Orno Gniazdo meblowe z wyłącznikiem 2x2P+Z wersja schuko";;"Gniazda blatowe";106.097561;130.5;10;0
292;http://localhost:8080/243/orno-gniazdo-meblowe-3x2pz-schuko-czarno-srebrne.jpg;"Orno Gniazdo meblowe 3x2P+Z schuko czarno-srebrne";;"Gniazda blatowe";97.772358;120.26;10;0
291;http://localhost:8080/242/design-light-gniazdko-biurowe-kolor-czarny-prostokatne-otwierane-z-blatu-kombibox-uzbrojone-z-przewodem-1-5m-230v-x-3-design.jpg;"Design Light Gniazdko biurowe kolor czarny prostokątne otwierane z blatu KOMBIBOX UZBROJONE Z PRZEWODEM 1 5M 230v x 3. Design";;"Gniazda blatowe";104.837398;128.95;10;0
290;http://localhost:8080/241/design-light-gniazdko-biurowe-kolor-bialy-prostokatne-otwierane-z-blatu-kombibox-uzbrojone-z-przewodem-3m-230v-x-3-design.jpg;"Design Light Gniazdko biurowe kolor biały prostokątne otwierane z blatu KOMBIBOX UZBROJONE Z PRZEWODEM 3M 230v x 3. Design";;"Gniazda blatowe";104.837398;128.95;10;0
289;http://localhost:8080/240/design-light-gniazdko-biurowe-kolor-aluminium-prostokatne-otwierane-z-blatu-kombibox-uzbrojone-z-przewodem-3m-230v-x-3-design.jpg;"Design Light Gniazdko biurowe kolor aluminium prostokątne otwierane z blatu KOMBIBOX UZBROJONE Z PRZEWODEM 3M 230v x 3. Design";;"Gniazda blatowe";104.837398;128.95;10;0
288;http://localhost:8080/239/orno-gniazdo-meblowe-kuchenne-montowane-na-rzepy-4x2pz-inox-z-przewodem-1-5m.jpg;"Orno Gniazdo meblowe kuchenne montowane na rzepy 4x2P+Z INOX z przewodem 1 5m.";;"Gniazda blatowe";99.439024;122.31;10;0
287;http://localhost:8080/238/orno-gniazdo-meblowe-3x2pz-bialo-srebrne.jpg;"Orno Gniazdo meblowe 3x2P+Z biało-srebrne";;"Gniazda blatowe";97.772358;120.26;10;0
286;http://localhost:8080/237/orno-gniazdo-meblowe-kuchenne-montowane-na-rzepy-4x2pz-schuko-inox-z-przewodem-1-5m.jpg;"Orno Gniazdo meblowe kuchenne montowane na rzepy 4x2P+Z schuko INOX z przewodem 1 5m.";;"Gniazda blatowe";100.430894;123.53;10;0
285;http://localhost:8080/236/Orno_Gniazdo_meblowe_Orno_OR-AE-13124.jpg;"Orno Gniazdo meblowe Orno OR-AE-13124";;"Gniazda blatowe";103.243902;126.99;10;0
284;http://localhost:8080/235/orno-gniazdo-meblowe-2x2pz-usb-schuko-bialo-srebrne.jpg;"Orno Gniazdo meblowe 2x2P+Z + USB schuko biało-srebrne";;"Gniazda blatowe";103.243902;126.99;10;0
283;http://localhost:8080/234/orno-gniazdo-meblowe-2x2pz-usb-bialo-srebrne.jpg;"Orno Gniazdo meblowe 2x2P+Z + USB biało-srebrne";;"Gniazda blatowe";103.243902;126.99;10;0
282;http://localhost:8080/233/orno-gniazdo-meblowe-pojedyncze-z-u-16a-2xusb-ip20-aluminium-tworzywo-or-ae-1310.jpg;"Orno Gniazdo meblowe pojedyncze z/u 16A + 2xUSB IP20 aluminium/ tworzywo OR-AE-1310";;"Gniazda blatowe";98.422764;121.06;10;0
281;http://localhost:8080/232/gtv-gtv-przedluzacz-biurkowy-chowany-w-blat-prostokatny-soft-3x-gniazdo-kabel-czarny.jpg;"GTV GTV przedłużacz biurkowy chowany w blat prostokątny SOFT 3x gniazdo + kabel czarny";;"Gniazda blatowe";97.967480;120.5;10;0
280;http://localhost:8080/231/gtv-gtv-przedluzacz-nablatowy-biurkowy-chowany-w-blat-z-uziemieniem-soft-2x-gniazdo-2xusb-1a-czarny.jpg;"GTV GTV przedłużacz nablatowy biurkowy chowany w blat z uziemieniem SOFT 2x gniazdo 2xUSB 1A czarny";;"Gniazda blatowe";97.723577;120.2;10;0
279;http://localhost:8080/230/dpm-listwa-meblowa-podblatowa-3-gniazda-1-4m-pf1203l.jpg;"DPM Listwa meblowa podblatowa 3-gniazda 1 4m (PF1203L)";;"Gniazda blatowe";69.918699;86;10;0
278;http://localhost:8080/229/orno-gniazdo-meblowe-z-uchwytem-montazowym-ladowarka-usb-2-gniazda-2pz-2xusb-przewod-3x1-0mm-1-5m-biale.jpg;"Orno Gniazdo meblowe z uchwytem montażowym ładowarką USB 2 gniazda 2P+Z 2xUSB przewód 3x1 0mm - 1 5m białe";;"Gniazda blatowe";93.495935;115;10;0
277;http://localhost:8080/228/orno-gniazdo-meblowe-z-uchwytem-montazowym-ladowarka-usb-2-gniazda-2pz-2xusb-przewod-3x1-0mm2-1-5m-czarne.jpg;"Orno Gniazdo meblowe z uchwytem montażowym ładowarką USB 2 gniazda 2P+Z 2xUSB przewód 3x1 0mm2 - 1 5m czarne";;"Gniazda blatowe";86.910569;106.9;10;0
276;http://localhost:8080/227/orno-gniazdo-meblowe-2x2pz-z-wylacznikiem-schuko-czarno-srebrne.jpg;"Orno Gniazdo meblowe 2x2P+Z z wyłącznikiem schuko czarno-srebrne";;"Gniazda blatowe";95.926829;117.99;10;0
275;http://localhost:8080/226/orno-gniazdo-meblowe-fi8cm-3x250v-ac-wysuwane-z-blatu-inox-or-ae-1356.jpg;"Orno Gniazdo meblowe fi8cm 3x250V AC wysuwane z blatu INOX (OR-AE-1356)";;"Gniazda blatowe";95.113821;116.99;10;0
274;http://localhost:8080/225/orno-gniazdo-meblowe-fi8cm-3x250v-or-ae-1355.jpg;"Orno Gniazdo meblowe fi8cm 3x250V (OR-AE-1355)";;"Gniazda blatowe";95.113821;116.99;10;0
273;http://localhost:8080/224/orno-gniazdo-meblowe-z-wylacznikiem-2x2pz.jpg;"Orno Gniazdo meblowe z wyłącznikiem 2x2P+Z";;"Gniazda blatowe";91.113821;112.07;10;0
272;http://localhost:8080/223/orno-gniazdo-meblowe-fi6cm-3x250v-ac-wysuwane-z-blatu-z-blokada-or-ae-1348.jpg;"Orno Gniazdo meblowe fi6cm 3x250V AC wysuwane z blatu z blokadą (OR-AE-1348)";;"Gniazda blatowe";80.487805;99;10;0
271;http://localhost:8080/222/gtv-biurkowy-rozgaleziacz-wpuszczany-100mm-3-x-schuko-srebrny-1-8mm-ae-bpw3gs-80.jpg;"GTV Biurkowy rozgałęziacz wpuszczany 100mm 3 x SCHUKO srebrny 1 8mm (AE-BPW3GS-80)";;"Gniazda blatowe";91.121951;112.08;10;0
270;http://localhost:8080/221/gtv-biurkowy-rozgaleziacz-wpuszczany-fi100mm-czarny-3x-gniazdo-z-uziemieniem-ae-bpw3gu-20.jpg;"GTV Biurkowy rozgałęziacz wpuszczany fi100mm czarny 3x gniazdo z uziemieniem (AE-BPW3GU-20)";;"Gniazda blatowe";73.089431;89.9;10;0
269;http://localhost:8080/220/orno-gniazdo-meblowe-6cm-wpuszczane-w-blat-z-pokrywka-ladowarka-usb-i-przewodem-1-9m-1x2pz-1xusb-czarne.jpg;"Orno Gniazdo meblowe 6cm wpuszczane w blat z pokrywką ładowarką USB i przewodem 1 9m 1x2P+Z 1xUSB czarne";;"Gniazda blatowe";90.235772;110.99;10;0
268;http://localhost:8080/219/orno-gniazdo-meblowe-3x2pz-czarno-srebrne.jpg;"Orno Gniazdo meblowe 3x2P+Z czarno-srebrne";;"Gniazda blatowe";90.235772;110.99;10;0
267;http://localhost:8080/218/orno-gniazdo-meblowe-wpuszczane-w-blat-1x250v-ac-z-pokrywka-ladowarka-usb-or-ae-1373.jpg;"Orno Gniazdo meblowe wpuszczane w blat 1x250V AC z pokrywką ładowarką USB (OR-AE-1373)";;"Gniazda blatowe";84.544715;103.99;10;0
266;http://localhost:8080/217/orno-gniazdo-meblowe-6cm-wysuwane-z-blatu-z-blokada-i-przewodem-1-8m-3x2pz-schuko.jpg;"Orno Gniazdo meblowe 6cm wysuwane z blatu z blokadą i przewodem 1 8m 3x2P+Z (Schuko)";;"Gniazda blatowe";82.682927;101.7;10;0
265;http://localhost:8080/216/brennenstuhl-stojaca-2m.jpg;"Brennenstuhl Stojąca 2m";;"Gniazda blatowe";83.731707;102.99;10;0
264;http://localhost:8080/215/orno-gniazdo-meblowe-3x250v-ac-wysuwane-z-blatu-z-blokada-i-przewodem-1-8m-srebrne.jpg;"Orno Gniazdo meblowe 3x250V AC wysuwane z blatu z blokadą i przewodem 1 8m srebrne";;"Gniazda blatowe";80.487805;99;10;0
263;http://localhost:8080/214/orno-gniazdo-meblowe-z-uchwytem-montazowym-i-przewodem-1-8m-3x2pz.jpg;"Orno Gniazdo meblowe z uchwytem montażowym i przewodem 1 8m 3x2P+Z";;"Gniazda blatowe";82.105691;100.99;10;0
262;http://localhost:8080/213/orno-gniazdo-meblowe-bez-wylacznika-2x2pz-czarne.jpg;"Orno Gniazdo meblowe bez wyłącznika 2x2P+Z czarne";;"Gniazda blatowe";80.642276;99.19;10;0
261;http://localhost:8080/212/dpm-listwa-meblowa-podblatowa-4-gniazda-1-4m-pf1204.jpg;"DPM Listwa meblowa podblatowa 4-gniazda 1 4m (PF1204)";;"Gniazda blatowe";77.520325;95.35;10;0
260;http://localhost:8080/211/Daming_GNIAZDO_3X_230V_WYSUWANE_DO_BIUREK_DAMING.jpg;"Daming GNIAZDO 3X 230V WYSUWANE DO BIUREK DAMING";;"Gniazda blatowe";81.300813;100;10;0
259;http://localhost:8080/210/orno-gniazdo-meblowe-2x2pz-bialo-srebrne.jpg;"Orno Gniazdo meblowe 2x2P+Z biało-srebrne";;"Gniazda blatowe";76.414634;93.99;10;0
258;http://localhost:8080/209/gtv-biurkowy-przedluzacz-wpuszczany-60mm-czarny-3-x-schuko-2m-ae-bpw3s60-20.jpg;"GTV Biurkowy przedłużacz wpuszczany 60mm czarny 3 x SCHUKO 2m (AE-BPW3S60-20)";;"Gniazda blatowe";75.869919;93.32;10;0
257;http://localhost:8080/208/gtv-biurkowy-przedluzacz-wpuszczany-60mm-srebrny-3-x-schuko-2m-ae-bpw3s60-80.jpg;"GTV Biurkowy przedłużacz wpuszczany 60mm srebrny 3 x SCHUKO 2m (AE-BPW3S60-80)";;"Gniazda blatowe";75.869919;93.32;10;0
256;http://localhost:8080/207/orno-gniazdo-meblowe-bez-wylacznika-2x2pz-srebrne-wersja-schuko.jpg;"Orno Gniazdo meblowe bez wyłącznika 2x2P+Z srebrne wersja schuko";;"Gniazda blatowe";74.788618;91.99;10;0
255;http://localhost:8080/206/orno-gniazdo-meblowe-podwojne-z-u-16a-ip20-aluminium-tworzywo-or-ae-1303.jpg;"Orno Gniazdo meblowe podwójne z/u 16A IP20 aluminium/ tworzywo OR-AE-1303";;"Gniazda blatowe";69.097561;84.99;10;0
254;http://localhost:8080/205/gtv-biurkowy-przedluzacz-wpuszczany-60mm-srebrny-3-x-gniazdo-z-uziemieniem-2m-ae-bpw3u60-80.jpg;"GTV Biurkowy przedłużacz wpuszczany 60mm srebrny 3 x gniazdo z uziemieniem 2m (AE-BPW3U60-80)";;"Gniazda blatowe";47.073171;57.9;10;0
253;http://localhost:8080/204/gtv-biurkowy-przedluzacz-wpuszczany-fi-60mm-czarny-3x-gniazdo-z-uziemieniem-ae-bpw3u60-20.jpg;"GTV Biurkowy przedłużacz wpuszczany fi 60mm czarny 3x gniazdo z uziemieniem (AE-BPW3U60-20)";;"Gniazda blatowe";48.130081;59.2;10;0
252;http://localhost:8080/203/orno-przedluzacz-biurkowy-z-wylacznikiem-or-ae-1327.jpg;"Orno Przedłużacz biurkowy z wyłącznikiem (OR-AE-1327)";;"Gniazda blatowe";60.154472;73.99;10;0
251;http://localhost:8080/202/sez-gniazdo-stolowe-16a-250v-czarne-sz-16-1.jpg;"SEZ Gniazdo stołowe 16A 250V czarne SZ 16/1";;"Gniazda blatowe";20.512195;25.23;10;0
250;http://localhost:8080/201/Spacetronik_Gniazdo_blatowe_zasuwane_Spacetronik_SPS-S27B_V2.jpg;"Spacetronik Gniazdo blatowe zasuwane Spacetronik SPS-S27B V2";;"Gniazda blatowe";324.390244;399;10;0
249;http://localhost:8080/200/orno-gniazdo-wpuszczane-w-blat-3x250v-w-niklowanej-obudowie-z-ladowarka-2xusb-i-przewodem-1-8m.jpg;"Orno Gniazdo wpuszczane w blat 3x250V w niklowanej obudowie z ładowarką 2xUSB i przewodem 1 8m";;"Gniazda blatowe";213.837398;263.02;10;0
248;http://localhost:8080/199/Orno_Gniazdo_meblowe_4x230V_INOX.jpg;"Orno Gniazdo meblowe 4x230V INOX";;"Gniazda blatowe";106.495935;130.99;10;0
247;http://localhost:8080/198/Spacetronik_Gniazdo_nablatowe_Spacetronik_SPS-T35B_V2.jpg;"Spacetronik Gniazdo nablatowe Spacetronik SPS-T35B V2";;"Gniazda blatowe";259.349593;319;10;0
246;http://localhost:8080/197/Bachmann_Elevator_2m.jpg;"Bachmann Elevator 2m";;"Gniazda blatowe";249.317073;306.66;10;0
245;http://localhost:8080/196/orno-gniazdo-meblowe-wysuwane-z-blatu-4x230v-2xusb-1-5m.jpg;"Orno Gniazdo meblowe wysuwane z blatu 4x230V + 2xUSB 1 5m";;"Gniazda blatowe";173.162602;212.99;10;0
244;http://localhost:8080/195/Spacetronik_Gniazdo_Blatowe_Biurkowe_Otwierane_HDMI_2xUSB_CAT6_S.jpg;"Spacetronik Gniazdo Blatowe Biurkowe Otwierane HDMI 2xUSB CAT6 Spacetronik SPS-D26B";;"Gniazda blatowe";153.658537;189;10;0
243;http://localhost:8080/194/orno-gniazdo-wpuszczane-w-blat-3xusb-2x230v-ac-czarne-or-ae-1324-b.jpg;"Orno Gniazdo wpuszczane w blat 3xUSB 2x230V AC Czarne (OR-AE-1324/B)";;"Gniazda blatowe";139.829268;171.99;10;0
242;http://localhost:8080/193/brennenstuhl-przedluzacz-biurkowy-tower-power-3-gniazda-z-wylacznikiem-2m-1396201003.jpg;"Brennenstuhl Przedłużacz biurkowy Tower-Power 3 gniazda z wyłącznikiem 2m (1396201003)";;"Gniazda blatowe";96.894309;119.18;10;0
241;http://localhost:8080/192/equip-chowana-3-gniazda-2x-usb-333304.jpg;"Equip Chowana 3 gniazda 2x USB (333304)";;"Gniazda blatowe";130.081301;160;10;0
240;http://localhost:8080/191/axagon-czytnik-kart-usb-20-cre-sm5.jpg;"Axagon Czytnik kart USB 2.0 (CRE-SM5)";;"Akcesoria komputerowe";43.910569;54.01;10;0
239;http://localhost:8080/190/qoltec-qoltec-czytnik-chipowych-kart-id-inteligentny-scr-0634-usb-typ-c.jpg;"Qoltec QOLTEC CZYTNIK CHIPOWYCH KART ID INTELIGENTNY | SCR-0634 | USB TYP C";;"Akcesoria komputerowe";36.585366;45;10;0
238;http://localhost:8080/189/Dremel_1564346.jpg;"Dremel 1564346";;"Akcesoria komputerowe";41.975610;51.63;10;0
237;http://localhost:8080/188/endgame-gear-lyzwy-pod-mysz-xm1-egg-ms1.jpg;"Endgame Gear Łyżwy pod mysz XM1 (EGG-MS1)";;"Akcesoria komputerowe";41.593496;51.16;10;0
236;http://localhost:8080/187/glorious-pc-gaming-race-czesc-zamienna-do-pcb-gmmk-pro-usb-c.jpg;"Glorious PC Gaming Race Część zamienna do PCB GMMK Pro USB C";;"Akcesoria komputerowe";40.886179;50.29;10;0
235;http://localhost:8080/186/glorious-pc-gaming-race-amortyzator-klawiszy-mx-o-ring-miekki-krotki-skok-40a.jpg;"Glorious PC Gaming Race Amortyzator klawiszy MX O-ring miękki krótki skok 40A";;"Akcesoria komputerowe";40.642276;49.99;10;0
234;http://localhost:8080/185/glorious-pc-gaming-race-sciagacz-przelacznikow.jpg;"Glorious PC Gaming Race Ściągacz przełączników";;"Akcesoria komputerowe";39.837398;49;10;0
233;http://localhost:8080/184/delock-zestaw-blokad-usb-20648.jpg;"Delock Zestaw blokad USB (20648)";;"Akcesoria komputerowe";37.552846;46.19;10;0
232;http://localhost:8080/183/lindy-klucz-do-blokady-portu-rj45-40631.jpg;"Lindy Klucz do blokady portu RJ45 (40631)";;"Akcesoria komputerowe";35.154472;43.24;10;0
231;http://localhost:8080/182/icy-box-icy-box-m2-ib-m2hs-70.jpg;"Icy Box ICY BOX M.2 (IB-M2HS-70)";;"Akcesoria komputerowe";34.056911;41.89;10;0
230;http://localhost:8080/181/cryorig-str4-kit-sp-tr4a.jpg;"Cryorig sTR4-Kit (SP-TR4A)";;"Akcesoria komputerowe";31.349593;38.56;10;0
229;http://localhost:8080/180/lindy-klucz-do-blokady-portu-rj45-40630.jpg;"Lindy Klucz do blokady portu RJ45 (40630)";;"Akcesoria komputerowe";26.008130;31.99;10;0
228;http://localhost:8080/179/grekos-jonizator-ioncare-usb-gh-2168.jpg;"Grekos Jonizator Ioncare USB (GH-2168)";;"Akcesoria komputerowe";24.382114;29.99;10;0
227;http://localhost:8080/178/rebel-adapter-bluetooth-50-rebel-nanostick.jpg;"Rebel Adapter Bluetooth 5.0 Rebel NanoStick";;"Akcesoria komputerowe";20.243902;24.9;10;0
226;http://localhost:8080/177/akasa-usb-a-swiecacy-przewod-15m-ak-15-nsblusb.jpg;"Akasa USB-A Świecący Przewód 1.5m (AK-15-NSBLUSB)";;"Akcesoria komputerowe";17.065041;20.99;10;0
225;http://localhost:8080/176/co2-dedykowany-zasilacz-sieciowy-do-hubow-usb-dc-5v-2a.jpg;"Co2 Dedykowany zasilacz sieciowy do Hubów USB DC 5V 2A";;"Akcesoria komputerowe";16.252033;19.99;10;0
224;http://localhost:8080/175/Filtr_ferrytowy_10mm.jpg;"Filtr ferrytowy 10mm";;"Akcesoria komputerowe";11.707317;14.4;10;0
223;http://localhost:8080/174/port-connect-zestaw-5-kluczy-zabezpieczajacych-901216.jpg;"Port Connect Zestaw 5 kluczy zabezpieczających (901216)";;"Akcesoria komputerowe";10.455285;12.86;10;0
222;http://localhost:8080/173/aptel-silikonowa-folia-ochronna-na-klawiature-116-ak317c.jpg;"Aptel Silikonowa folia ochronna na klawiaturę 11.6"" (AK317C)";;"Akcesoria komputerowe";4.024390;4.95;10;0
221;http://localhost:8080/172/aptel-silikonowa-folia-ochronna-na-klawiature-156-ak317b.jpg;"Aptel Silikonowa folia ochronna na klawiaturę 15.6"" (AK317B)";;"Akcesoria komputerowe";4.869919;5.99;10;0
220;http://localhost:8080/171/wtyk-ac-3pin-wty0123.jpg;"Wtyk AC 3PIN (WTY0123)";;"Akcesoria komputerowe";8.243902;10.14;10;0
219;http://localhost:8080/170/akyga-basic-ak-sc-30.jpg;"Akyga Basic (AK-SC-30)";;"Akcesoria komputerowe";7.821138;9.62;10;0
218;http://localhost:8080/169/zakupytvnet-bq6f-szelki-rozmiar-m-xl-granatowe.jpg;"zakupytv.net BQ6F SZELKI ROZMIAR M - XL GRANATOWE";;"Akcesoria komputerowe";4.382114;5.39;10;0
217;http://localhost:8080/168/aptel-folia-ochronna-na-klawiature-ak317a.jpg;"Aptel Folia ochronna na klawiature (AK317A)";;"Akcesoria komputerowe";5.000000;6.15;10;0
216;http://localhost:8080/167/zakupytvnet-nz12c-rysik-do-glazury-metalu-140mm.jpg;"zakupytv.net NZ12C RYSIK DO GLAZURY METALU 140MM";;"Akcesoria komputerowe";6.495935;7.99;10;0
215;http://localhost:8080/166/wtyk-sma-rp-h155-pin-zenski-zacisk-zl.jpg;"Wtyk SMA-RP H155 (pin żeński) zacisk. zł";;"Akcesoria komputerowe";5.113821;6.29;10;0
214;http://localhost:8080/165/akyga-stelaz-do-koparki-kryptowalut-8gpu-akm081.jpg;"Akyga Stelaż do koparki kryptowalut 8GPU (AKM081)";;"Akcesoria komputerowe";310.016260;381.32;10;0
213;http://localhost:8080/164/cherry-wetex-oslona-na-klawiature-6155217.jpg;"Cherry WetEx Osłona na klawiaturę (6155217)";;"Akcesoria komputerowe";100.780488;123.96;10;0
212;http://localhost:8080/163/Delock_Adapter_Power_over_ESATA.jpg;"Delock Adapter Power over ESATA";;"Akcesoria komputerowe";72.577236;89.27;10;0
211;http://localhost:8080/162/techly-kompaktowy-czytnik-usb-20-kart-smart-029150.jpg;"Techly Kompaktowy czytnik USB 2.0 kart Smart (029150)";;"Akcesoria komputerowe";52.601626;64.7;10;0
210;http://localhost:8080/161/startech-duplikator-pamieci-usb-usbdup12.jpg;"StarTech Duplikator pamięci USB (USBDUP12)";;"Akcesoria komputerowe";1030.243902;1267.2;10;0
209;http://localhost:8080/160/reiner-cyberjack-rfid-basis-2718500-100.jpg;"Reiner CYBERJACK RFID BASIS (2718500-100)";;"Akcesoria komputerowe";145.260163;178.67;10;0
208;http://localhost:8080/159/icy-box-uklad-chlodzenia-dysku-m2-ib-m2hsf-702.jpg;"Icy Box Układ chłodzenia dysku M.2 (IB-M2HSF-702)";;"Akcesoria komputerowe";99.365854;122.22;10;0
207;http://localhost:8080/158/3dconnexion-etui-dla-spacemouse-enterprise-3dx-700087.jpg;"3Dconnexion Etui dla SpaceMouse Enterprise (3DX-700087)";;"Akcesoria komputerowe";93.869919;115.46;10;0
206;http://localhost:8080/157/3dconnexion-etui-dedykowane-dla-manipulatorow-3dx-700046.jpg;"3Dconnexion Etui dedykowane dla manipulatorów (3DX-700046)";;"Akcesoria komputerowe";64.227642;79;10;0
205;http://localhost:8080/156/inline-blokada-do-4-portow-usb-55723.jpg;"InLine Blokada do 4 portów USB (55723)";;"Akcesoria komputerowe";69.398374;85.36;10;0
204;http://localhost:8080/155/manhattan-kart-smart-usb-zewnetrzny-stykowy-102049.jpg;"Manhattan kart Smart USB zewnętrzny stykowy (102049)";;"Akcesoria komputerowe";55.276423;67.99;10;0
203;http://localhost:8080/154/Glorious_PC_Gaming_Race_Keycap_Puller.jpg;"Glorious PC Gaming Race Keycap Puller";;"Akcesoria komputerowe";46.975610;57.78;10;0
202;http://localhost:8080/153/uniwersalny-adapter-sieciowy-annn10d63xxd.jpg;"Uniwersalny adapter sieciowy (ANNN10D63XXD)";;"Akcesoria komputerowe";42.268293;51.99;10;0
201;http://localhost:8080/152/qoltec-inteligentny-czytnik-chipowych-kart-id-50642.jpg;"Qoltec Inteligentny czytnik chipowych kart ID (50642)";;"Akcesoria komputerowe";34.959350;43;10;0
200;http://localhost:8080/151/naklejki-na-klawiature-cyrylica-rosyjska-nb-a-ara-009.jpg;"Naklejki na klawiaturę cyrylica Rosyjska (NB-A-ARA-009)";;"Akcesoria komputerowe";17.878049;21.99;10;0
199;http://localhost:8080/150/aptel-emulator-monitora-hdmi-do-kart-graficznych-gpu-ak53c.jpg;"Aptel Emulator monitora HDMI do kart graficznych GPU (AK53C)";;"Akcesoria komputerowe";8.422764;10.36;10;0
198;http://localhost:8080/149/hp-czytnik-expresscard-aj451aa.jpg;"HP Czytnik ExpressCard (AJ451AA)";;"Akcesoria komputerowe";10.780488;13.26;10;0
197;http://localhost:8080/148/akyga-stelaz-do-koparki-kryptowalut-12gpu-akm121.jpg;"Akyga STELAŻ DO KOPARKI KRYPTOWALUT 12GPU (AKM121)";;"Akcesoria komputerowe";349.000000;429.27;10;0
196;http://localhost:8080/147/sharkoon-light-200-side-grip.jpg;"Sharkoon Light² 200 Side Grip";;"Akcesoria komputerowe";31.097561;38.25;10;0
195;http://localhost:8080/146/watercool-uchwyt-do-montazu-na-scianie-obudowie-mo-ra3-420.jpg;"Watercool Uchwyt do montażu na ścianie/obudowie MO-RA3 420";;"Akcesoria komputerowe";104.113821;128.06;10;0
194;http://localhost:8080/145/conceptronic-smart-id-card-reader-usb-20-scr01b.jpg;"Conceptronic Smart ID Card Reader USB 2.0 (SCR01B)";;"Akcesoria komputerowe";51.723577;63.62;10;0
193;http://localhost:8080/144/apte-zasilacz-do-huba-dc-5v-2a-135-35-plp50.jpg;"Apte Zasilacz do huba DC 5V 2A 1.35/3.5 (PLP50)";;"Akcesoria komputerowe";17.552846;21.59;10;0
192;http://localhost:8080/143/akyga-stelaz-do-koparki-kryptowalut-6gpu-akm061.jpg;"Akyga Stelaż do koparki kryptowalut 6GPU (AKM061)";;"Akcesoria komputerowe";326.008130;400.99;10;0
191;http://localhost:8080/142/blitzwolf-transmiter-bluetooth-bw-br1-pro.jpg;"Blitzwolf Transmiter Bluetooth (BW-BR1 Pro)";;"Akcesoria komputerowe";59.268293;72.9;10;0
190;http://localhost:8080/141/chieftec-zasilacz-cdp-120itx.jpg;"Chieftec Zasilacz (CDP-120ITX)";;"Akcesoria komputerowe";241.878049;297.51;10;0
189;http://localhost:8080/140/sandberg-stacja-dyskietek-zewnetrzna-usb-133-50.jpg;"Sandberg Stacja dyskietek zewnętrzna USB (133-50)";;"Akcesoria komputerowe";153.674797;189.02;10;0
188;http://localhost:8080/139/silverstone-pilot-zdalnego-sterowania-do-komputera-sst-es02-usb.jpg;"SilverStone Pilot zdalnego sterowania do komputera (SST-ES02-USB)";;"Akcesoria komputerowe";116.739837;143.59;10;0
187;http://localhost:8080/138/natec-zasilacz-do-huba-usb-30-nhz-0369.jpg;"Natec Zasilacz do Huba USB 3.0 (NHZ-0369)";;"Akcesoria komputerowe";28.016260;34.46;10;0
186;http://localhost:8080/137/Lenovo_Dust_Shield.jpg;"Lenovo Dust Shield";;"Akcesoria komputerowe";47.967480;59;10;0
185;http://localhost:8080/136/Glorious_PC_Gaming_Race_Model_D_Grip_Tape_czarny.jpg;"Glorious PC Gaming Race Model D Grip Tape czarny";;"Akcesoria komputerowe";35.764228;43.99;10;0
184;http://localhost:8080/135/owc-clingon-blokada-zlacza-owcclingon1pk.jpg;"OWC ClingOn blokada złącza (OWCCLINGON1PK)";;"Akcesoria komputerowe";22.764228;28;10;0
183;http://localhost:8080/134/jonsbo-rgb-nc-1-zura-253.jpg;"Jonsbo RGB NC-1 (ZURA-253)";;"Akcesoria komputerowe";41.772358;51.38;10;0
182;http://localhost:8080/133/icy-box-adapter-montazowy-do-huba-60mm-ib-huba001.jpg;"Icy Box Adapter montażowy do Huba 60mm (IB-HUBA001)";;"Akcesoria komputerowe";38.154472;46.93;10;0
181;http://localhost:8080/132/razer-chroma-stacja-dokujaca-rc30-03050200-r3m1.jpg;"Razer Chroma Stacja Dokująca (RC30-03050200-R3M1)";;"Akcesoria komputerowe";233.333333;287;10;0
180;http://localhost:8080/131/Monitor_LG_UltraGear_24GN600-B.jpg;"Monitor LG UltraGear 24GN600-B";;Monitory;760.967480;935.99;10;0
179;http://localhost:8080/130/monitor-benq-gw2280-9hlh4lbqbe.jpg;"Monitor BenQ GW2280 (9H.LH4LB.QBE)";;Monitory;478.861789;589;10;0
178;http://localhost:8080/129/monitor-samsung-s34j550-ls34j550wqrxen.jpg;"Monitor Samsung S34J550 (LS34J550WQRXEN)";;Monitory;1345.528455;1655;10;0
177;http://localhost:8080/128/monitor-benq-gw2480-9hlgdlatbe.jpg;"Monitor BenQ GW2480 (9H.LGDLA.TBE)";;Monitory;503.252033;619;10;0
176;http://localhost:8080/127/monitor-samsung-odyssey-g3-ls24ag320nuxen.jpg;"Monitor Samsung Odyssey G3 (LS24AG320NUXEN)";;Monitory;611.357724;751.97;10;0
175;http://localhost:8080/126/Monitor_iiyama_G-Master_G2770HSU-B1_Red_Eagle.jpg;"Monitor iiyama G-Master G2770HSU-B1 Red Eagle";;Monitory;804.073171;989.01;10;0
174;http://localhost:8080/125/monitor-samsung-u28r550-lu28r550uqrxen.jpg;"Monitor Samsung U28R550 (LU28R550UQRXEN)";;Monitory;1056.097561;1299;10;0
173;http://localhost:8080/124/Monitor_MSI_OPTIX_G24C4.jpg;"Monitor MSI OPTIX G24C4";;Monitory;795.934959;979;10;0
172;http://localhost:8080/123/Monitor_Gigabyte_G27Q.jpg;"Monitor Gigabyte G27Q";;Monitory;1243.154472;1529.08;10;0
171;http://localhost:8080/122/Monitor_iiyama_G-Master_GB2770HSU-B1_Red_Eagle.jpg;"Monitor iiyama G-Master GB2770HSU-B1 Red Eagle";;Monitory;893.495935;1099;10;0
170;http://localhost:8080/121/monitor-samsung-odyssey-g3-lf24g35tfwuxen.jpg;"Monitor Samsung Odyssey G3 (LF24G35TFWUXEN)";;Monitory;701.056911;862.3;10;0
169;http://localhost:8080/120/monitor-samsung-u32j590-lu32j590uqrxen.jpg;"Monitor Samsung U32J590 (LU32J590UQRXEN)";;Monitory;1248.089431;1535.15;10;0
168;http://localhost:8080/119/monitor-acer-nitro-qg241ybii-umqq1ee001.jpg;"Monitor Acer Nitro QG241Ybii (UM.QQ1EE.001)";;Monitory;560.162602;689;10;0
167;http://localhost:8080/118/monitor-samsung-c27rg50-lc27rg50fqrxen.jpg;"Monitor Samsung C27RG50 (LC27RG50FQRXEN)";;Monitory;1015.447154;1249;10;0
166;http://localhost:8080/117/monitor-philips-e-line-275e1s-00.jpg;"Monitor Philips E-line 275E1S/00";;Monitory;869.105691;1069;10;0
165;http://localhost:8080/116/monitor-samsung-c27f390-lc27f390fhrxen.jpg;"Monitor Samsung C27F390 (LC27F390FHRXEN)";;Monitory;665.853659;819;10;0
164;http://localhost:8080/115/monitor-samsung-odyssey-g3-lf27g35tfwuxen.jpg;"Monitor Samsung Odyssey G3 (LF27G35TFWUXEN)";;Monitory;934.146341;1149;10;0
163;http://localhost:8080/114/monitor-samsung-f24t350-lf24t350fhrxen.jpg;"Monitor Samsung F24T350 (LF24T350FHRXEN)";;Monitory;483.739837;595;10;0
162;http://localhost:8080/113/Monitor_iiyama_ProLite_XUB2792QSU-B1.jpg;"Monitor iiyama ProLite XUB2792QSU-B1";;Monitory;921.739837;1133.74;10;0
161;http://localhost:8080/112/Monitor_iiyama_G-Master_G2466HSU-B1_Red_Eagle.jpg;"Monitor iiyama G-Master G2466HSU-B1 Red Eagle";;Monitory;682.113821;839;10;0
160;http://localhost:8080/111/monitor-philips-v-line-223v5lsb-00.jpg;"Monitor Philips V-line 223V5LSB/00";;Monitory;389.430894;479;10;0
159;http://localhost:8080/110/Monitor_AOC_C24G2U.jpg;"Monitor AOC C24G2U";;Monitory;673.983740;829;10;0
158;http://localhost:8080/109/Monitor_AOC_E2270SWN.jpg;"Monitor AOC E2270SWN";;Monitory;356.910569;439;10;0
157;http://localhost:8080/108/Monitor_AOC_G2460PF.jpg;"Monitor AOC G2460PF";;Monitory;690.243902;849;10;0
156;http://localhost:8080/107/monitor-philips-v-line-223v5lsb2-10.jpg;"Monitor Philips V-line 223V5LSB2/10";;Monitory;332.520325;409;10;0
155;http://localhost:8080/106/monitor-philips-v-line-243v7qdsb-00.jpg;"Monitor Philips V-line 243V7QDSB/00";;Monitory;430.081301;529;10;0
154;http://localhost:8080/105/Monitor_AOC_CQ27G2U.jpg;"Monitor AOC CQ27G2U";;Monitory;934.146341;1149;10;0
153;http://localhost:8080/104/monitor-philips-v-line-273v7qdsb-00.jpg;"Monitor Philips V-line 273V7QDSB/00";;Monitory;534.146341;657;10;0
152;http://localhost:8080/103/Monitor_iiyama_G-Master_G2730HSU-B1_Black_Hawk.jpg;"Monitor iiyama G-Master G2730HSU-B1 Black Hawk";;Monitory;556.910569;685;10;0
151;http://localhost:8080/102/Monitor_AOC_E2270SWHN.jpg;"Monitor AOC E2270SWHN";;Monitory;398.739837;490.45;10;0
150;http://localhost:8080/101/monitor-acer-nitro-vg270upbmiipx-umhv0eep01.jpg;"Monitor Acer Nitro VG270UPbmiipx (UM.HV0EE.P01)";;Monitory;1210.569106;1489;10;0
149;http://localhost:8080/100/monitor-samsung-c24f390-lc24f390fhrxen.jpg;"Monitor Samsung C24F390 (LC24F390FHRXEN)";;Monitory;478.861789;589;10;0
148;http://localhost:8080/99/monitor-philips-v-line-243v7qdab-00.jpg;"Monitor Philips V-line 243V7QDAB/00";;Monitory;438.211382;539;10;0
147;http://localhost:8080/98/Monitor_LG_DualUp_28MQ780-B.jpg;"Monitor LG DualUp 28MQ780-B";;Monitory;2663.821138;3276.5;10;0
146;http://localhost:8080/97/monitor-acer-nitro-xv272lvbmiiprx-umhx2eev04.jpg;"Monitor Acer Nitro XV272LVbmiiprx (UM.HX2EE.V04)";;Monitory;1053.878049;1296.27;10;0
145;http://localhost:8080/96/Monitor_MSI_Optix_MAG322CR.jpg;"Monitor MSI Optix MAG322CR";;Monitory;1243.894309;1529.99;10;0
144;http://localhost:8080/95/Monitor_Gigabyte_M32Q_KVM.jpg;"Monitor Gigabyte M32Q KVM";;Monitory;1537.398374;1891;10;0
143;http://localhost:8080/94/Monitor_LG_24TQ510S-PZ.jpg;"Monitor LG 24TQ510S-PZ";;Monitory;649.593496;799;10;0
142;http://localhost:8080/93/monitor-asus-tuf-gaming-vg277q1a-90lm0741-b01170.jpg;"Monitor Asus TUF Gaming VG277Q1A (90LM0741-B01170)";;Monitory;812.195122;999;10;0
141;http://localhost:8080/92/monitor-samsung-odyssey-g9-lc49g95tssrxen.jpg;"Monitor Samsung Odyssey G9 (LC49G95TSSRXEN)";;Monitory;4787.804878;5889;10;0
140;http://localhost:8080/91/monitor-gigabyte-m32u-kvm-hdmi-21.jpg;"Monitor Gigabyte M32U KVM HDMI 2.1";;Monitory;2926.016260;3599;10;0
139;http://localhost:8080/90/monitor-samsung-odyssey-g7-lc27g75tqsrxen.jpg;"Monitor Samsung Odyssey G7 (LC27G75TQSRXEN)";;Monitory;2104.056911;2587.99;10;0
138;http://localhost:8080/89/Monitor_LG_UltraFine_27UN880-B.jpg;"Monitor LG UltraFine 27UN880-B";;Monitory;1885.365854;2319;10;0
137;http://localhost:8080/88/Monitor_Gigabyte_G34WQC_A.jpg;"Monitor Gigabyte G34WQC A";;Monitory;1597.552846;1964.99;10;0
136;http://localhost:8080/87/Monitor_LG_UltraGear_27GN800-B.jpg;"Monitor LG UltraGear 27GN800-B";;Monitory;1056.089431;1298.99;10;0
135;http://localhost:8080/86/monitor-aoc-c27g2ze-bk.jpg;"Monitor AOC C27G2ZE/BK";;Monitory;934.146341;1149;10;0
134;http://localhost:8080/85/monitor-aoc-24g2ze-bk.jpg;"Monitor AOC 24G2ZE/BK";;Monitory;869.105691;1069;10;0
133;http://localhost:8080/84/Monitor_LG_UltraWide_29WP60G-B.jpg;"Monitor LG UltraWide 29WP60G-B";;Monitory;821.130081;1009.99;10;0
132;http://localhost:8080/83/Monitor_iiyama_G-Master_GB2470HSU-B1_Red_Eagle.jpg;"Monitor iiyama G-Master GB2470HSU-B1 Red Eagle";;Monitory;730.894309;899;10;0
131;http://localhost:8080/82/monitor-aoc-24g2spu-bk.jpg;"Monitor AOC 24G2SPU/BK";;Monitory;730.894309;899;10;0
130;http://localhost:8080/81/Monitor_iiyama_G-Master_G2740HSU-B1_Black_Hawk.jpg;"Monitor iiyama G-Master G2740HSU-B1 Black Hawk";;Monitory;649.593496;799;10;0
129;http://localhost:8080/80/Monitor_AOC_C24G2AE.jpg;"Monitor AOC C24G2AE";;Monitory;706.504065;869;10;0
128;http://localhost:8080/79/Monitor_LG_24MP60G-B.jpg;"Monitor LG 24MP60G-B";;Monitory;511.382114;629;10;0
127;http://localhost:8080/78/Monitor_Samsung_LS24R350FZUXEN.jpg;"Monitor Samsung LS24R350FZUXEN";;Monitory;486.991870;599;10;0
126;http://localhost:8080/77/Monitor_iiyama_G-Master_G2450HSU-B1_Black_Hawk.jpg;"Monitor iiyama G-Master G2450HSU-B1 Black Hawk";;Monitory;566.666667;697;10;0
125;http://localhost:8080/76/Monitor_AOC_24B2XHM2.jpg;"Monitor AOC 24B2XHM2";;Monitory;405.691057;499;10;0
124;http://localhost:8080/75/monitor-samsung-odyssey-g3a-ls24ag300nuxen.jpg;"Monitor Samsung Odyssey G3A (LS24AG300NUXEN)";;Monitory;633.333333;779;10;0
123;http://localhost:8080/74/Monitor_AOC_24B1H.jpg;"Monitor AOC 24B1H";;Monitory;421.951220;519;10;0
122;http://localhost:8080/73/monitor-acer-ek240ycbi-umqe0eec01.jpg;"Monitor Acer EK240YCbi (UM.QE0EE.C01)";;Monitory;389.430894;479;10;0
121;http://localhost:8080/72/Monitor_iiyama_ProLite_XU2494HSU-B2_USB.jpg;"Monitor iiyama ProLite XU2494HSU-B2 USB";;Monitory;428.186992;526.67;10;0
120;http://localhost:8080/71/laptop-lenovo-ideapad-3-17itl-82h900gkpb.jpg;"Laptop Lenovo IdeaPad 3 17ITL (82H900GKPB)";;Laptopy;2275.609756;2799;10;0
119;http://localhost:8080/70/laptop-lenovo-ideapad-3-17alc6-ryzen-5-5500u-8-gb-512-gb-82kv00depb.jpg;"Laptop Lenovo IdeaPad 3 17ALC6 Ryzen 5 5500U / 8 GB / 512 GB (82KV00DEPB)";;Laptopy;2194.308943;2699;10;0
118;http://localhost:8080/69/laptop-lenovo-ideapad-3-15alc6-ryzen-5-5500u-16-gb-512-gb-w11-82ku018hpb.jpg;"Laptop Lenovo IdeaPad 3 15ALC6 Ryzen 5 5500U / 16 GB / 512 GB / W11 (82KU018HPB)";;Laptopy;2113.008130;2599;10;0
117;http://localhost:8080/68/laptop-lenovo-ideapad-3-17itl6-core-i5-1135g7-8-gb-512-gb-82h900tspb.jpg;"Laptop Lenovo IdeaPad 3 17ITL6 Core i5-1135G7 / 8 GB / 512 GB (82H900TSPB)";;Laptopy;2031.707317;2499;10;0
116;http://localhost:8080/67/laptop-lenovo-ideapad-3-15aba7-ryzen-5-5625u-8-gb-512-gb-82rn0055pb.jpg;"Laptop Lenovo IdeaPad 3 15ABA7 Ryzen 5 5625U / 8 GB / 512 GB (82RN0055PB)";;Laptopy;2031.707317;2499;10;0
115;http://localhost:8080/66/laptop-lenovo-laptop-v15-g2-82kd00evpb.jpg;"Laptop Lenovo Laptop V15 G2 (82KD00EVPB)";;Laptopy;2031.707317;2499;10;0
114;http://localhost:8080/65/laptop-lenovo-ideapad-3-15iau7-82rk006ppb.jpg;"Laptop Lenovo IdeaPad 3 15IAU7 (82RK006PPB)";;Laptopy;2031.707317;2499;10;0
113;http://localhost:8080/64/laptop-lenovo-ideapad-3-15itl6-82h801qspb.jpg;"Laptop Lenovo IdeaPad 3 15ITL6 (82H801QSPB)";;Laptopy;1962.593496;2413.99;10;0
112;http://localhost:8080/63/laptop-dell-latitude-5530-n205l5530mlk15emeavp.jpg;"Laptop Dell Latitude 5530 (N205L5530MLK15EMEA_VP)";;Laptopy;5702.845528;7014.5;10;0
111;http://localhost:8080/62/laptop-hp-laptop-probook-450-g8-43a22ea-16-gb-ram-512-gb-ssd-pcie-windows-10-pro.jpg;"Laptop HP Laptop ProBook 450 G8 (43A22EA) / 16 GB RAM / 512 GB SSD PCIe / Windows 10 Pro";;Laptopy;2926.016260;3599;10;0
110;http://localhost:8080/61/laptop-lenovo-v15-g2-itl-82kb00nkpb.jpg;"Laptop Lenovo V15 G2 ITL (82KB00NKPB)";;Laptopy;2291.869919;2819;10;0
109;http://localhost:8080/60/Laptop_MSI_Katana_GF66_11UE-491XPL.jpg;"Laptop MSI Katana GF66 11UE-491XPL";;Laptopy;4224.552846;5196.2;10;0
108;http://localhost:8080/59/Laptop_MSI_Katana_GF76_11UE-245XPL.jpg;"Laptop MSI Katana GF76 11UE-245XPL";;Laptopy;4522.764228;5563;10;0
107;http://localhost:8080/58/laptop-apple-macbook-air-13-m1-mgn93ze-a.jpg;"Laptop Apple MacBook Air 13 M1 (MGN93ZE/A)";;Laptopy;4260.967480;5240.99;10;0
106;http://localhost:8080/57/laptop-msi-vector-gp66-12uh-275pl-i7-12700h-16-gb-1-tb-w11-rtx-3080-165-hz.jpg;"Laptop MSI Vector GP66 12UH-275PL i7-12700H / 16 GB / 1 TB / W11 / RTX 3080 / 165 Hz";;Laptopy;8291.869919;10199;10;0
105;http://localhost:8080/56/laptop-gigabyte-aorus-15-xe5-73eeb34sh-i7-12700h-16-gb-1-tb-w11-rtx-3070ti-165-hz.jpg;"Laptop Gigabyte Aorus 15 XE5-73EEB34SH i7-12700H / 16 GB / 1 TB / W11 / RTX 3070Ti / 165 Hz";;Laptopy;7722.764228;9499;10;0
104;http://localhost:8080/55/laptop-gigabyte-aero-5-xe4-73ee614sh-i7-12700h-16-gb-1-tb-w11-rtx-3070ti.jpg;"Laptop Gigabyte Aero 5 XE4-73EE614SH i7-12700H / 16 GB / 1 TB / W11 / RTX 3070Ti";;Laptopy;7312.926829;8994.9;10;0
103;http://localhost:8080/54/laptop-msi-katana-gf76-12ue-681xpl-i7-12650h-16-gb-512-gb-rtx-3060-144-hz.jpg;"Laptop MSI Katana GF76 12UE-681XPL i7-12650H / 16 GB / 512 GB / RTX 3060 / 144 Hz";;Laptopy;5527.642276;6799;10;0
102;http://localhost:8080/53/laptop-asus-vivobook-s-16x-ryzen-7-6800h-16-gb-1-tb-w11-120-hz-m5602ra-kv020w.jpg;"Laptop Asus Vivobook S 16X Ryzen 7 6800H / 16 GB / 1 TB / W11 / 120 Hz (M5602RA-KV020W)";;Laptopy;4793.487805;5895.99;10;0
101;http://localhost:8080/52/Laptop_MSI_GF63_Thin_11UD-213XPL.jpg;"Laptop MSI GF63 Thin 11UD-213XPL";;Laptopy;3169.918699;3899;10;0
100;http://localhost:8080/51/Laptop_MSI_Katana_GF76_11UC-468XPL.jpg;"Laptop MSI Katana GF76 11UC-468XPL";;Laptopy;3169.918699;3899;10;0
99;http://localhost:8080/50/laptop-asus-tuf-gaming-f15-fx506lh-i5-10300h-8-gb-512-gb-w11-gtx-1650-144-hz-fx506lhb-hn323w.jpg;"Laptop Asus TUF Gaming F15 FX506LH i5-10300H / 8 GB / 512 GB / W11 / GTX 1650 / 144 Hz (FX506LHB-HN323W)";;Laptopy;2763.414634;3399;10;0
98;http://localhost:8080/49/laptop-asus-vivobook-15-d1502-d1502ia-bq187w.jpg;"Laptop Asus Vivobook 15 D1502 (D1502IA-BQ187W)";;Laptopy;2113.008130;2599;10;0
97;http://localhost:8080/48/laptop-lg-gram-17-2022-17z90q-gaa58y.jpg;"Laptop LG Gram 17 2022 (17Z90Q-G.AA58Y)";;Laptopy;5812.195122;7149;10;0
96;http://localhost:8080/47/laptop-acer-aspire-3-a315-23-nxhvtep00y.jpg;"Laptop Acer Aspire 3 A315-23 (NX.HVTEP.00Y)";;Laptopy;2004.056911;2464.99;10;0
95;http://localhost:8080/46/laptop-lenovo-laptop-v15-g2-82kd00eupb.jpg;"Laptop Lenovo Laptop V15 G2 (82KD00EUPB)";;Laptopy;1950.406504;2399;10;0
94;http://localhost:8080/45/laptop-asus-vivobook-15-x515ea-i5-1135g7-8-gb-512-gb-w11-x515ea-bq3082w.jpg;"Laptop Asus VivoBook 15 X515EA i5-1135G7 / 8 GB / 512 GB / W11 (X515EA-BQ3082W)";;Laptopy;1924.577236;2367.23;10;0
93;http://localhost:8080/44/laptop-asus-expertbook-p1-p1512-p1512cea-ej0004x.jpg;"Laptop Asus ExpertBook P1 P1512 (P1512CEA-EJ0004X)";;Laptopy;1822.113821;2241.2;10;0
92;http://localhost:8080/43/laptop-hp-250-g8-3v5f4ea.jpg;"Laptop HP 250 G8 (3V5F4EA)";;Laptopy;2194.308943;2699;10;0
91;http://localhost:8080/42/laptop-lenovo-ideapad-3-15iau7-82rk006lpb.jpg;"Laptop Lenovo IdeaPad 3 15IAU7 (82RK006LPB)";;Laptopy;1787.804878;2199;10;0
90;http://localhost:8080/41/laptop-lenovo-ideapad-3-15aba7-ryzen-3-5425u-8-gb-512-gb-82rn0053pb.jpg;"Laptop Lenovo IdeaPad 3 15ABA7 Ryzen 3 5425U / 8 GB / 512 GB (82RN0053PB)";;Laptopy;1706.504065;2099;10;0
89;http://localhost:8080/40/laptop-lenovo-ideapad-3-15itl6-82h801qqpb.jpg;"Laptop Lenovo IdeaPad 3 15ITL6 (82H801QQPB)";;Laptopy;1706.504065;2099;10;0
88;http://localhost:8080/39/laptop-lenovo-ideapad-3-15alc6-82ku018dpb.jpg;"Laptop Lenovo IdeaPad 3 15ALC6 (82KU018DPB)";;Laptopy;1625.203252;1999;10;0
87;http://localhost:8080/38/laptop-asus-vivobook-15-x515ea-i3-1115g4-8-gb-256-gb-w11s-x515ea-ej2445w.jpg;"Laptop Asus VivoBook 15 X515EA i3-1115G4 / 8 GB / 256 GB / W11S (X515EA-EJ2445W)";;Laptopy;1462.601626;1799;10;0
86;http://localhost:8080/37/laptop-hp-15s-eq2204nw-ryzen-3-5300u-8-gb-256-gb-4h383ea.jpg;"Laptop HP 15s-eq2204nw Ryzen 3 5300U / 8 GB / 256 GB (4H383EA)";;Laptopy;1578.048780;1941;10;0
85;http://localhost:8080/36/laptop-asus-vivobook-15-x515ja-i5-1035g1-8-gb-256-gb-x515ja-bq3333.jpg;"Laptop Asus VivoBook 15 X515JA i5-1035G1 / 8 GB / 256 GB (X515JA-BQ3333)";;Laptopy;1543.902439;1899;10;0
84;http://localhost:8080/35/laptop-asus-vivobook-15-x515ea-x515ea-bq1222.jpg;"Laptop Asus VivoBook 15 X515EA (X515EA-BQ1222)";;Laptopy;1543.902439;1899;10;0
83;http://localhost:8080/34/laptop-acer-aspire-3-a315-35-nxa8xep002.jpg;"Laptop Acer Aspire 3 A315-35 (NX.A8XEP.002)";;Laptopy;1137.398374;1399;10;0
82;http://localhost:8080/33/laptop-umax-visionbook-12wr-umm230128.jpg;"Laptop Umax VisionBook 12Wr (UMM230128)";;Laptopy;756.097561;930;10;0
81;http://localhost:8080/32/laptop-apple-macbook-air-13-m2-mlxw3ze-a.jpg;"Laptop Apple MacBook Air 13 M2 (MLXW3ZE/A)";;Laptopy;4877.235772;5999;10;0
80;http://localhost:8080/31/laptop-msi-laptop-katana-gf66-11ue-491xpl-16-gb-ram-1-tb-ssd-pcie.jpg;"Laptop MSI Laptop Katana GF66 11UE-491XPL / 16 GB RAM / 1 TB SSD PCIe";;Laptopy;4714.634146;5799;10;0
79;http://localhost:8080/30/laptop-lenovo-legion-5-17ach6-82k0002vpb.jpg;"Laptop Lenovo LEGION 5 17ACH6 (82K0002VPB)";;Laptopy;3820.325203;4699;10;0
78;http://localhost:8080/29/laptop-lenovo-ideapad-gaming-3-15ihu6-82k100gbpb.jpg;"Laptop Lenovo IdeaPad Gaming 3 15IHU6 (82K100GBPB)";;Laptopy;3251.219512;3999;10;0
77;http://localhost:8080/28/laptop-asus-vivobook-15-x515ea-x515ea-bq1445.jpg;"Laptop Asus VivoBook 15 X515EA (X515EA-BQ1445)";;Laptopy;1869.105691;2299;10;0
76;http://localhost:8080/27/laptop-acer-aspire-5-a515-45-nxa84ep00e.jpg;"Laptop Acer Aspire 5 A515-45 (NX.A84EP.00E)";;Laptopy;2078.455285;2556.5;10;0
75;http://localhost:8080/26/laptop-hp-255-g7-2d321ea.jpg;"Laptop HP 255 G7 (2D321EA)";;Laptopy;1746.463415;2148.15;10;0
74;http://localhost:8080/25/Laptop_MSI_GF63_Thin_11UC-215XPL.jpg;"Laptop MSI GF63 Thin 11UC-215XPL";;Laptopy;2974.796748;3659;10;0
73;http://localhost:8080/24/laptop-hp-victus-15-fa0139nw-i5-12450h-8-gb-512-gb-w11-gtx-1650-6y7x4ea.jpg;"Laptop HP Victus 15-fa0139nw i5-12450H / 8 GB / 512 GB / W11 / GTX 1650 (6Y7X4EA)";;Laptopy;3088.617886;3799;10;0
72;http://localhost:8080/23/Laptop_MSI_GP66_Leopard_11UG-692XPL.jpg;"Laptop MSI GP66 Leopard 11UG-692XPL";;Laptopy;5852.845528;7199;10;0
71;http://localhost:8080/22/laptop-gigabyte-aorus-15p-xd-73ee224so.jpg;"Laptop Gigabyte Aorus 15P (XD-73EE224SO)";;Laptopy;5608.943089;6899;10;0
70;http://localhost:8080/21/laptop-hp-victus-15-fa0129nw-i5-12450h-16-gb-512-gb-w11-rtx-3050ti-144-hz-6y7x3ea.jpg;"Laptop HP Victus 15-fa0129nw i5-12450H / 16 GB / 512 GB / W11 / RTX 3050Ti / 144 Hz (6Y7X3EA)";;Laptopy;3642.227642;4479.94;10;0
69;http://localhost:8080/20/laptop-gigabyte-a5-k1-aee1130sd.jpg;"Laptop Gigabyte A5 (K1-AEE1130SD)";;Laptopy;3820.325203;4699;10;0
68;http://localhost:8080/19/laptop-lenovo-ideapad-gaming-3-15iah7-82s900jmpb.jpg;"Laptop Lenovo IdeaPad Gaming 3 15IAH7 (82S900JMPB)";;Laptopy;3332.520325;4099;10;0
67;http://localhost:8080/18/laptop-lenovo-ideapad-gaming-3-15arh7-82sb00bypb.jpg;"Laptop Lenovo IdeaPad Gaming 3 15ARH7 (82SB00BYPB)";;Laptopy;3413.821138;4199;10;0
66;http://localhost:8080/17/laptop-lenovo-ideapad-gaming-3-15ach6-82k200njpb.jpg;"Laptop Lenovo IdeaPad Gaming 3 15ACH6 (82K200NJPB)";;Laptopy;3251.219512;3999;10;0
65;http://localhost:8080/16/laptop-lenovo-ideapad-gaming-3-15ach6-82k200ndpb.jpg;"Laptop Lenovo IdeaPad Gaming 3 15ACH6 (82K200NDPB)";;Laptopy;2926.016260;3599;10;0
64;http://localhost:8080/15/laptop-lenovo-ideapad-gaming-3-15ihu6-i5-11320h-16-gb-512-gb-rtx-3050-120-hz-82k101f0pb.jpg;"Laptop Lenovo IdeaPad Gaming 3 15IHU6 i5-11320H / 16 GB / 512 GB / RTX 3050 / 120 Hz (82K101F0PB)";;Laptopy;2763.414634;3399;10;0
63;http://localhost:8080/14/laptop-lenovo-ideapad-gaming-3-15ach6-82k200r0pb.jpg;"Laptop Lenovo IdeaPad Gaming 3-15ACH6 (82K200R0PB)";;Laptopy;2891.910569;3557.05;10;0
62;http://localhost:8080/13/laptop-asus-tuf-gaming-a15-ryzen-5-4600h-8-gb-512-gb-w11-gtx-1650-144hz.jpg;"Laptop Asus TUF Gaming A15 Ryzen 5 4600H / 8 GB / 512 GB / W11 / GTX 1650 / 144Hz";;Laptopy;2844.715447;3499;10;0
61;http://localhost:8080/12/laptop-msi-modern-15-a11mu-1041pl-i5-1155g7-16-gb-1-tb-w11.jpg;"Laptop MSI Modern 15 A11MU-1041PL i5-1155G7 / 16 GB / 1 TB / W11";;Laptopy;2356.910569;2899;10;0
60;http://localhost:8080/11/laptop-asus-vivobook-15-d1502-d1502ia-bq187w.jpg;"Laptop Asus Vivobook 15 D1502 (D1502IA-BQ187W)";;Laptopy;2113.008130;2599;10;0
59;http://localhost:8080/10/laptop-dell-vostro-3510-n8803vn3510emea01n1.jpg;"Laptop Dell Vostro 3510 (N8803VN3510EMEA01_N1)";;Laptopy;2682.113821;3299;10;0
58;http://localhost:8080/9/laptop-lenovo-ideapad-5-15alc05-82ln00hmpb.jpg;"Laptop Lenovo IdeaPad 5 15ALC05 (82LN00HMPB)";;Laptopy;1909.756098;2349;10;0
57;http://localhost:8080/8/laptop-hp-250-g9-6f200ea.jpg;"Laptop HP 250 G9 (6F200EA)";;Laptopy;1869.105691;2299;10;0
56;http://localhost:8080/7/laptop-hp-15s-fq4489nw-685a6ea.jpg;"Laptop HP 15s-fq4489nw (685A6EA)";;Laptopy;2275.609756;2799;10;0
55;http://localhost:8080/6/laptop-lenovo-ideapad-3-15alc6-82ku00w1pb.jpg;"Laptop Lenovo IdeaPad 3 15ALC6 (82KU00W1PB)";;Laptopy;1706.504065;2099;10;0
54;http://localhost:8080/5/laptop-lenovo-v15-g2-82kb016jpb.jpg;"Laptop Lenovo V15 G2 (82KB016JPB)";;Laptopy;1828.455285;2249;10;0
53;http://localhost:8080/4/laptop-lg-gram-15-2022-15z90q-gaa55y.jpg;"Laptop LG Gram 15 2022 (15Z90Q-G.AA55Y)";;Laptopy;6801.617886;8365.99;10;0
52;http://localhost:8080/3/laptop-asus-vivobook-15-x515ea-x515ea-ej1197w.jpg;"Laptop Asus VivoBook 15 X515EA (X515EA-EJ1197W)";;Laptopy;1543.739837;1898.8;10;0
51;http://localhost:8080/2/Laptop_Gigabyte_G5_KD-52EE123SD.jpg;"Laptop Gigabyte G5 KD-52EE123SD";;Laptopy;3820.325203;4699;10;0
50;http://localhost:8080/1/laptop-lenovo-v15-g2-itl-82kb00nhpb.jpg;"Laptop Lenovo V15 G2 ITL (82KB00NHPB)";;Laptopy;2356.910569;2899;10;0
